Age_Ma_Gradstein,Strat_m,d13Corg_VPBD,Source_C_data
99.387,10.2,1.75,Jarvis_et_al._(2006)
99.371,10.3,1.91,Jarvis_et_al._(2006)
99.355,10.4,1.77,Jarvis_et_al._(2006)
99.274,10.9,1.68,Jarvis_et_al._(2006)
99.226,11.2,1.73,Jarvis_et_al._(2006)
99.177,11.5,1.66,Jarvis_et_al._(2006)
99.105,11.95,1.84,Jarvis_et_al._(2006)
99.089,12.05,1.77,Jarvis_et_al._(2006)
99.048,12.3,1.82,Jarvis_et_al._(2006)
99.016,12.5,1.81,Jarvis_et_al._(2006)
94.206,10.34,5.37,Jarvis_et_al._(2006)
94.203,10.42,5.19,Jarvis_et_al._(2006)
94.199,10.51,5.14,Jarvis_et_al._(2006)
94.196,10.6,5.13,Jarvis_et_al._(2006)
93.935,14.72,5.12,Jarvis_et_al._(2006)
94.186,10.86,5.09,Jarvis_et_al._(2006)
94.186,10.86,5.09,Jarvis_et_al._(2006)
93.821,16.73,5.07,Jarvis_et_al._(2006)
94.189,10.77,5.05,Jarvis_et_al._(2006)
94.189,10.77,5.05,Jarvis_et_al._(2006)
93.942,14.63,5.04,Jarvis_et_al._(2006)
93.816,16.82,5.03,Jarvis_et_al._(2006)
94.111,12.35,4.99,Jarvis_et_al._(2006)
94.111,12.35,4.99,Jarvis_et_al._(2006)
93.929,14.8,4.97,Jarvis_et_al._(2006)
94.193,10.69,4.93,Jarvis_et_al._(2006)
93.844,16.29,4.91,Jarvis_et_al._(2006)
94.065,12.96,4.91,Jarvis_et_al._(2006)
94.065,12.96,4.91,Jarvis_et_al._(2006)
94.091,12.61,4.9,Jarvis_et_al._(2006)
94.091,12.61,4.9,Jarvis_et_al._(2006)
94.13,12.09,4.9,Jarvis_et_al._(2006)
94.13,12.09,4.9,Jarvis_et_al._(2006)
94.173,11.21,4.9,Jarvis_et_al._(2006)
94.173,11.21,4.9,Jarvis_et_al._(2006)
94.153,11.74,4.89,Jarvis_et_al._(2006)
94.153,11.74,4.89,Jarvis_et_al._(2006)
94.222,9.9,4.89,Jarvis_et_al._(2006)
93.812,16.91,4.88,Jarvis_et_al._(2006)
93.903,15.15,4.88,Jarvis_et_al._(2006)
94.052,13.14,4.88,Jarvis_et_al._(2006)
94.052,13.14,4.88,Jarvis_et_al._(2006)
94.124,12.18,4.88,Jarvis_et_al._(2006)
94.124,12.18,4.88,Jarvis_et_al._(2006)
94.17,11.3,4.87,Jarvis_et_al._(2006)
94.17,11.3,4.87,Jarvis_et_al._(2006)
94.226,9.81,4.85,Jarvis_et_al._(2006)
94.013,13.66,4.84,Jarvis_et_al._(2006)
94.013,13.66,4.84,Jarvis_et_al._(2006)
94.137,12,4.84,Jarvis_et_al._(2006)
94.137,12,4.84,Jarvis_et_al._(2006)
94.156,11.65,4.84,Jarvis_et_al._(2006)
94.156,11.65,4.84,Jarvis_et_al._(2006)
94.183,10.95,4.84,Jarvis_et_al._(2006)
94.183,10.95,4.84,Jarvis_et_al._(2006)
94.216,10.07,4.84,Jarvis_et_al._(2006)
94.163,11.47,4.83,Jarvis_et_al._(2006)
94.163,11.47,4.83,Jarvis_et_al._(2006)
94.209,10.25,4.82,Jarvis_et_al._(2006)
94.229,9.72,4.8,Jarvis_et_al._(2006)
93.839,16.38,4.79,Jarvis_et_al._(2006)
94.143,11.91,4.79,Jarvis_et_al._(2006)
94.143,11.91,4.79,Jarvis_et_al._(2006)
94.085,12.7,4.78,Jarvis_et_al._(2006)
94.085,12.7,4.78,Jarvis_et_al._(2006)
94.219,9.99,4.78,Jarvis_et_al._(2006)
93.894,15.33,4.77,Jarvis_et_al._(2006)
93.981,14.1,4.77,Jarvis_et_al._(2006)
93.981,14.1,4.77,Jarvis_et_al._(2006)
94.072,12.88,4.77,Jarvis_et_al._(2006)
94.072,12.88,4.77,Jarvis_et_al._(2006)
94.098,12.53,4.77,Jarvis_et_al._(2006)
94.098,12.53,4.77,Jarvis_et_al._(2006)
94.15,11.82,4.77,Jarvis_et_al._(2006)
94.15,11.82,4.77,Jarvis_et_al._(2006)
94.179,11.04,4.76,Jarvis_et_al._(2006)
94.179,11.04,4.76,Jarvis_et_al._(2006)
94.355,6.39,4.76,Jarvis_et_al._(2006)
123.723,6.97,4.76,Herrle_et_al._(2004)
94.007,13.75,4.75,Jarvis_et_al._(2006)
94.007,13.75,4.75,Jarvis_et_al._(2006)
94.039,13.31,4.75,Jarvis_et_al._(2006)
94.039,13.31,4.75,Jarvis_et_al._(2006)
94.02,13.58,4.74,Jarvis_et_al._(2006)
94.02,13.58,4.74,Jarvis_et_al._(2006)
94.361,6.22,4.74,Jarvis_et_al._(2006)
93.807,16.99,4.73,Jarvis_et_al._(2006)
94.212,10.16,4.72,Jarvis_et_al._(2006)
94.364,6.13,4.72,Jarvis_et_al._(2006)
93.835,16.47,4.71,Jarvis_et_al._(2006)
94.046,13.23,4.71,Jarvis_et_al._(2006)
94.046,13.23,4.71,Jarvis_et_al._(2006)
94.117,12.26,4.7,Jarvis_et_al._(2006)
94.117,12.26,4.7,Jarvis_et_al._(2006)
93.948,14.54,4.69,Jarvis_et_al._(2006)
94.368,6.04,4.69,Jarvis_et_al._(2006)
94.351,6.48,4.67,Jarvis_et_al._(2006)
93.798,17.17,4.66,Jarvis_et_al._(2006)
93.848,16.2,4.66,Jarvis_et_al._(2006)
93.994,13.93,4.66,Jarvis_et_al._(2006)
93.994,13.93,4.66,Jarvis_et_al._(2006)
94.358,6.31,4.66,Jarvis_et_al._(2006)
93.871,15.77,4.65,Jarvis_et_al._(2006)
93.909,15.07,4.65,Jarvis_et_al._(2006)
94.16,11.56,4.64,Jarvis_et_al._(2006)
94.16,11.56,4.64,Jarvis_et_al._(2006)
93.83,16.55,4.63,Jarvis_et_al._(2006)
93.922,14.89,4.62,Jarvis_et_al._(2006)
93.853,16.12,4.61,Jarvis_et_al._(2006)
93.968,14.28,4.61,Jarvis_et_al._(2006)
93.968,14.28,4.61,Jarvis_et_al._(2006)
94,13.84,4.61,Jarvis_et_al._(2006)
94,13.84,4.61,Jarvis_et_al._(2006)
94.374,5.87,4.61,Jarvis_et_al._(2006)
93.862,15.94,4.6,Jarvis_et_al._(2006)
94.371,5.96,4.6,Jarvis_et_al._(2006)
93.898,15.24,4.59,Jarvis_et_al._(2006)
93.866,15.85,4.58,Jarvis_et_al._(2006)
93.876,15.68,4.58,Jarvis_et_al._(2006)
93.916,14.98,4.58,Jarvis_et_al._(2006)
93.961,14.36,4.58,Jarvis_et_al._(2006)
94.239,9.46,4.58,Jarvis_et_al._(2006)
94.378,5.78,4.58,Jarvis_et_al._(2006)
93.885,15.5,4.57,Jarvis_et_al._(2006)
93.889,15.42,4.57,Jarvis_et_al._(2006)
93.857,16.03,4.56,Jarvis_et_al._(2006)
94.059,13.05,4.56,Jarvis_et_al._(2006)
94.059,13.05,4.56,Jarvis_et_al._(2006)
94.104,12.44,4.56,Jarvis_et_al._(2006)
94.104,12.44,4.56,Jarvis_et_al._(2006)
93.803,17.08,4.55,Jarvis_et_al._(2006)
93.955,14.45,4.55,Jarvis_et_al._(2006)
94.262,8.85,4.55,Jarvis_et_al._(2006)
94.232,9.64,4.54,Jarvis_et_al._(2006)
94.259,8.93,4.54,Jarvis_et_al._(2006)
93.88,15.59,4.53,Jarvis_et_al._(2006)
93.974,14.19,4.53,Jarvis_et_al._(2006)
93.974,14.19,4.53,Jarvis_et_al._(2006)
94.033,13.4,4.53,Jarvis_et_al._(2006)
94.033,13.4,4.53,Jarvis_et_al._(2006)
94.269,8.67,4.52,Jarvis_et_al._(2006)
123.661,9.17,4.52,Herrle_et_al._(2004)
93.794,17.26,4.51,Jarvis_et_al._(2006)
94.026,13.49,4.51,Jarvis_et_al._(2006)
94.026,13.49,4.51,Jarvis_et_al._(2006)
94.345,6.66,4.51,Jarvis_et_al._(2006)
94.348,6.57,4.5,Jarvis_et_al._(2006)
94.384,5.61,4.5,Jarvis_et_al._(2006)
93.734,18.39,4.47,Jarvis_et_al._(2006)
94.279,8.41,4.47,Jarvis_et_al._(2006)
93.73,18.48,4.46,Jarvis_et_al._(2006)
93.987,14.01,4.46,Jarvis_et_al._(2006)
93.987,14.01,4.46,Jarvis_et_al._(2006)
94.249,9.2,4.46,Jarvis_et_al._(2006)
93.789,17.34,4.45,Jarvis_et_al._(2006)
94.176,11.12,4.45,Jarvis_et_al._(2006)
94.176,11.12,4.45,Jarvis_et_al._(2006)
94.255,9.02,4.45,Jarvis_et_al._(2006)
94.381,5.69,4.45,Jarvis_et_al._(2006)
94.252,9.11,4.44,Jarvis_et_al._(2006)
94.338,6.83,4.44,Jarvis_et_al._(2006)
93.725,18.57,4.43,Jarvis_et_al._(2006)
93.743,18.22,4.43,Jarvis_et_al._(2006)
94.341,6.74,4.43,Jarvis_et_al._(2006)
93.825,16.64,4.42,Jarvis_et_al._(2006)
94.236,9.55,4.42,Jarvis_et_al._(2006)
123.721,7.03,4.42,Herrle_et_al._(2004)
93.766,17.78,4.41,Jarvis_et_al._(2006)
94.275,8.5,4.41,Jarvis_et_al._(2006)
94.288,8.15,4.41,Jarvis_et_al._(2006)
93.748,18.13,4.4,Jarvis_et_al._(2006)
93.78,17.52,4.4,Jarvis_et_al._(2006)
93.775,17.61,4.39,Jarvis_et_al._(2006)
94.246,9.28,4.39,Jarvis_et_al._(2006)
93.739,18.31,4.37,Jarvis_et_al._(2006)
93.771,17.69,4.37,Jarvis_et_al._(2006)
94.272,8.58,4.37,Jarvis_et_al._(2006)
94.285,8.23,4.36,Jarvis_et_al._(2006)
122.98,33.55,4.36,Herrle_et_al._(2004)
93.753,18.04,4.35,Jarvis_et_al._(2006)
94.388,5.52,4.35,Jarvis_et_al._(2006)
93.784,17.43,4.34,Jarvis_et_al._(2006)
94.282,8.32,4.34,Jarvis_et_al._(2006)
94.335,6.92,4.34,Jarvis_et_al._(2006)
93.762,17.87,4.33,Jarvis_et_al._(2006)
123.273,23.05,4.33,Herrle_et_al._(2004)
123.727,6.83,4.33,Herrle_et_al._(2004)
93.721,18.66,4.32,Jarvis_et_al._(2006)
94.394,5.34,4.32,Jarvis_et_al._(2006)
123.675,8.69,4.32,Herrle_et_al._(2004)
123.719,7.1,4.32,Herrle_et_al._(2004)
93.757,17.96,4.31,Jarvis_et_al._(2006)
94.265,8.76,4.31,Jarvis_et_al._(2006)
94.331,7.01,4.29,Jarvis_et_al._(2006)
94.397,5.26,4.29,Jarvis_et_al._(2006)
123.357,20.05,4.29,Herrle_et_al._(2004)
94.292,8.06,4.27,Jarvis_et_al._(2006)
123.559,12.83,4.27,Herrle_et_al._(2004)
123.655,9.38,4.27,Herrle_et_al._(2004)
94.391,5.43,4.26,Jarvis_et_al._(2006)
122.988,33.25,4.26,Herrle_et_al._(2004)
122.988,33.25,4.26,Herrle_et_al._(2004)
94.298,7.88,4.24,Jarvis_et_al._(2006)
94.328,7.09,4.24,Jarvis_et_al._(2006)
122.991,33.15,4.24,Herrle_et_al._(2004)
94.401,5.17,4.23,Jarvis_et_al._(2006)
122.986,33.35,4.22,Herrle_et_al._(2004)
93.703,19.01,4.21,Jarvis_et_al._(2006)
94.295,7.97,4.2,Jarvis_et_al._(2006)
94.315,7.45,4.2,Jarvis_et_al._(2006)
123.534,13.72,4.2,Herrle_et_al._(2004)
123.395,18.71,4.19,Herrle_et_al._(2004)
94.308,7.62,4.18,Jarvis_et_al._(2006)
94.322,7.27,4.17,Jarvis_et_al._(2006)
123.19,26.05,4.17,Herrle_et_al._(2004)
123.217,25.05,4.17,Herrle_et_al._(2004)
93.712,18.83,4.16,Jarvis_et_al._(2006)
94.318,7.36,4.15,Jarvis_et_al._(2006)
94.325,7.18,4.14,Jarvis_et_al._(2006)
122.983,33.45,4.13,Herrle_et_al._(2004)
93.716,18.74,4.12,Jarvis_et_al._(2006)
94.302,7.8,4.12,Jarvis_et_al._(2006)
94.312,7.53,4.12,Jarvis_et_al._(2006)
93.698,19.09,4.11,Jarvis_et_al._(2006)
94.305,7.71,4.11,Jarvis_et_al._(2006)
123.713,7.31,4.1,Herrle_et_al._(2004)
94.404,5.08,4.08,Jarvis_et_al._(2006)
123.416,17.93,4.08,Herrle_et_al._(2004)
93.707,18.92,4.07,Jarvis_et_al._(2006)
94.407,4.99,4.06,Jarvis_et_al._(2006)
122.9,35.15,4.06,Herrle_et_al._(2004)
122.85,36.15,4.02,Herrle_et_al._(2004)
123.632,10.21,4.02,Herrle_et_al._(2004)
122.975,33.65,4.01,Herrle_et_al._(2004)
93.662,19.8,4,Jarvis_et_al._(2006)
93.693,19.18,4,Jarvis_et_al._(2006)
93.489,23.12,3.97,Jarvis_et_al._(2006)
93.498,22.95,3.97,Jarvis_et_al._(2006)
93.689,19.27,3.97,Jarvis_et_al._(2006)
122.95,34.15,3.97,Herrle_et_al._(2004)
93.502,22.86,3.95,Jarvis_et_al._(2006)
123.669,8.9,3.95,Herrle_et_al._(2004)
93.493,23.04,3.94,Jarvis_et_al._(2006)
122.645,40.25,3.94,Herrle_et_al._(2004)
93.479,23.3,3.93,Jarvis_et_al._(2006)
93.602,20.93,3.93,Jarvis_et_al._(2006)
93.611,20.76,3.93,Jarvis_et_al._(2006)
94.411,4.91,3.93,Jarvis_et_al._(2006)
122.8,37.15,3.93,Herrle_et_al._(2004)
123.387,18.98,3.93,Herrle_et_al._(2004)
123.694,8,3.93,Herrle_et_al._(2004)
123.848,2.48,3.93,Herrle_et_al._(2004)
123.85,17.59,3.93,Erba_et_al._(1999)
93.607,20.85,3.92,Jarvis_et_al._(2006)
123.623,10.55,3.92,Herrle_et_al._(2004)
93.507,22.77,3.9,Jarvis_et_al._(2006)
124.038,18.49,3.9,Erba_et_al._(1999)
123.301,22.05,3.89,Herrle_et_al._(2004)
93.511,22.69,3.87,Jarvis_et_al._(2006)
93.593,21.11,3.87,Jarvis_et_al._(2006)
93.598,21.02,3.87,Jarvis_et_al._(2006)
93.68,19.45,3.87,Jarvis_et_al._(2006)
93.616,20.67,3.86,Jarvis_et_al._(2006)
93.666,19.71,3.86,Jarvis_et_al._(2006)
122.7,39.15,3.86,Herrle_et_al._(2004)
123.933,17.99,3.84,Erba_et_al._(1999)
93.589,21.2,3.83,Jarvis_et_al._(2006)
93.461,23.65,3.82,Jarvis_et_al._(2006)
93.539,22.16,3.82,Jarvis_et_al._(2006)
93.584,21.28,3.82,Jarvis_et_al._(2006)
123.245,24.05,3.82,Herrle_et_al._(2004)
93.47,23.47,3.81,Jarvis_et_al._(2006)
93.516,22.6,3.81,Jarvis_et_al._(2006)
93.58,21.37,3.81,Jarvis_et_al._(2006)
93.671,19.62,3.81,Jarvis_et_al._(2006)
123.385,19.05,3.81,Herrle_et_al._(2004)
123.682,8.41,3.81,Herrle_et_al._(2004)
93.52,22.51,3.8,Jarvis_et_al._(2006)
93.525,22.42,3.8,Jarvis_et_al._(2006)
93.57,21.55,3.8,Jarvis_et_al._(2006)
93.675,19.53,3.8,Jarvis_et_al._(2006)
93.657,19.88,3.78,Jarvis_et_al._(2006)
94.414,4.82,3.78,Jarvis_et_al._(2006)
93.452,23.82,3.77,Jarvis_et_al._(2006)
93.684,19.36,3.77,Jarvis_et_al._(2006)
93.566,21.64,3.76,Jarvis_et_al._(2006)
93.575,21.46,3.76,Jarvis_et_al._(2006)
123.447,16.83,3.76,Herrle_et_al._(2004)
122.75,38.15,3.75,Herrle_et_al._(2004)
123.827,3.24,3.75,Herrle_et_al._(2004)
93.543,22.07,3.74,Jarvis_et_al._(2006)
93.534,22.25,3.73,Jarvis_et_al._(2006)
93.548,21.99,3.73,Jarvis_et_al._(2006)
93.639,20.23,3.73,Jarvis_et_al._(2006)
93.53,22.34,3.72,Jarvis_et_al._(2006)
93.652,19.97,3.72,Jarvis_et_al._(2006)
93.557,21.81,3.71,Jarvis_et_al._(2006)
93.621,20.58,3.7,Jarvis_et_al._(2006)
123.821,3.45,3.7,Herrle_et_al._(2004)
122.65,40.15,3.69,Herrle_et_al._(2004)
123.707,7.52,3.69,Herrle_et_al._(2004)
123.782,4.83,3.69,Herrle_et_al._(2004)
93.443,24,3.68,Jarvis_et_al._(2006)
93.634,20.32,3.68,Jarvis_et_al._(2006)
123.019,32.15,3.68,Herrle_et_al._(2004)
123.817,3.59,3.68,Herrle_et_al._(2004)
124.125,18.91,3.68,Erba_et_al._(1999)
93.561,21.72,3.67,Jarvis_et_al._(2006)
93.648,20.06,3.67,Jarvis_et_al._(2006)
123.329,21.05,3.65,Herrle_et_al._(2004)
93.643,20.15,3.64,Jarvis_et_al._(2006)
123.075,30.15,3.64,Herrle_et_al._(2004)
122.345,46.25,3.62,Herrle_et_al._(2004)
123.413,18.07,3.62,Herrle_et_al._(2004)
123.842,2.69,3.62,Herrle_et_al._(2004)
93.625,20.5,3.61,Jarvis_et_al._(2006)
93.63,20.41,3.61,Jarvis_et_al._(2006)
123.586,11.86,3.61,Herrle_et_al._(2004)
123.767,5.38,3.6,Herrle_et_al._(2004)
123.047,31.15,3.59,Herrle_et_al._(2004)
93.35,87.2,3.57,Jarvis_et_al._(2006)
94.417,4.73,3.57,Jarvis_et_al._(2006)
94.437,4.2,3.55,Jarvis_et_al._(2006)
122.325,46.65,3.55,Herrle_et_al._(2004)
122.445,44.25,3.55,Herrle_et_al._(2004)
123.501,14.9,3.55,Herrle_et_al._(2004)
123.501,14.9,3.55,Herrle_et_al._(2004)
94.427,4.47,3.54,Jarvis_et_al._(2006)
123.794,4.41,3.54,Herrle_et_al._(2004)
124.086,18.72,3.54,Erba_et_al._(1999)
93.371,86.25,3.53,Jarvis_et_al._(2006)
122.315,46.85,3.53,Herrle_et_al._(2004)
122.35,46.15,3.52,Herrle_et_al._(2004)
123.738,6.41,3.52,Herrle_et_al._(2004)
123.831,3.1,3.52,Herrle_et_al._(2004)
123.488,15.38,3.51,Herrle_et_al._(2004)
94.434,4.29,3.5,Jarvis_et_al._(2006)
122.375,45.65,3.5,Herrle_et_al._(2004)
122.475,43.65,3.5,Herrle_et_al._(2004)
94.421,4.64,3.49,Jarvis_et_al._(2006)
94.431,4.38,3.49,Jarvis_et_al._(2006)
113.118,214.73,3.49,Herrle_et_al._(2004)
123.834,2.97,3.48,Herrle_et_al._(2004)
123.84,2.76,3.48,Herrle_et_al._(2004)
124.186,19.2,3.48,Erba_et_al._(1999)
94.424,4.55,3.47,Jarvis_et_al._(2006)
114.316,194.69,3.47,Herrle_et_al._(2004)
122.415,44.85,3.47,Herrle_et_al._(2004)
123.418,17.86,3.47,Herrle_et_al._(2004)
124.142,18.99,3.46,Erba_et_al._(1999)
113,216.7,3.45,Herrle_et_al._(2004)
122.47,43.75,3.45,Herrle_et_al._(2004)
122.48,43.55,3.45,Herrle_et_al._(2004)
122.37,45.75,3.44,Herrle_et_al._(2004)
122.45,44.15,3.43,Herrle_et_al._(2004)
123.162,27.04,3.43,Herrle_et_al._(2004)
94.44,4.12,3.41,Jarvis_et_al._(2006)
122.355,46.05,3.4,Herrle_et_al._(2004)
122.6,41.15,3.4,Herrle_et_al._(2004)
113.423,209.63,3.39,Herrle_et_al._(2004)
122.365,45.85,3.39,Herrle_et_al._(2004)
94.444,4.03,3.38,Jarvis_et_al._(2006)
112.885,221.64,3.38,Herrle_et_al._(2004)
113.483,208.63,3.37,Herrle_et_al._(2004)
94.447,3.94,3.36,Jarvis_et_al._(2006)
94.464,3.5,3.36,Jarvis_et_al._(2006)
94.467,3.42,3.36,Jarvis_et_al._(2006)
112.814,224.68,3.36,Herrle_et_al._(2004)
94.46,3.59,3.35,Jarvis_et_al._(2006)
112.487,238.66,3.34,Herrle_et_al._(2004)
123.401,18.48,3.34,Herrle_et_al._(2004)
127.521,43.35,3.34,Erba_et_al._(1999)
94.47,3.33,3.33,Jarvis_et_al._(2006)
113.249,212.53,3.33,Herrle_et_al._(2004)
93.316,88.75,3.32,Jarvis_et_al._(2006)
94.473,3.24,3.32,Jarvis_et_al._(2006)
122.38,45.55,3.32,Herrle_et_al._(2004)
122.495,43.25,3.32,Herrle_et_al._(2004)
123.64,9.93,3.32,Herrle_et_al._(2004)
93.21,93.5,3.31,Jarvis_et_al._(2006)
112.478,239.06,3.31,Herrle_et_al._(2004)
122.295,47.25,3.31,Herrle_et_al._(2004)
94.454,3.77,3.3,Jarvis_et_al._(2006)
94.457,3.68,3.3,Jarvis_et_al._(2006)
113.79,203.49,3.3,Herrle_et_al._(2004)
122.32,46.75,3.3,Herrle_et_al._(2004)
123.648,9.66,3.3,Herrle_et_al._(2004)
94.45,3.85,3.29,Jarvis_et_al._(2006)
112.521,237.22,3.29,Herrle_et_al._(2004)
112.84,223.56,3.29,Herrle_et_al._(2004)
112.862,222.6,3.29,Herrle_et_al._(2004)
114.5,191.62,3.29,Herrle_et_al._(2004)
122.34,46.35,3.29,Herrle_et_al._(2004)
123.106,29.05,3.29,Herrle_et_al._(2004)
93.19,94.4,3.28,Jarvis_et_al._(2006)
122.305,47.05,3.28,Herrle_et_al._(2004)
122.33,46.55,3.28,Herrle_et_al._(2004)
122.335,46.45,3.28,Herrle_et_al._(2004)
93.077,99.5,3.27,Jarvis_et_al._(2006)
114.019,199.66,3.27,Herrle_et_al._(2004)
122.42,44.75,3.27,Herrle_et_al._(2004)
112.476,239.12,3.26,Herrle_et_al._(2004)
93.301,89.4,3.25,Jarvis_et_al._(2006)
112.604,233.67,3.25,Herrle_et_al._(2004)
122.36,45.95,3.25,Herrle_et_al._(2004)
94.477,3.15,3.24,Jarvis_et_al._(2006)
112.792,225.6,3.24,Herrle_et_al._(2004)
113.84,202.65,3.24,Herrle_et_al._(2004)
122.385,45.45,3.24,Herrle_et_al._(2004)
122.405,45.05,3.24,Herrle_et_al._(2004)
123.411,18.14,3.24,Herrle_et_al._(2004)
127.613,44.41,3.24,Erba_et_al._(1999)
124.286,19.68,3.23,Erba_et_al._(1999)
93.331,88.05,3.22,Jarvis_et_al._(2006)
94.48,3.07,3.22,Jarvis_et_al._(2006)
112.48,238.97,3.22,Herrle_et_al._(2004)
122.285,47.45,3.22,Herrle_et_al._(2004)
122.3,47.15,3.22,Herrle_et_al._(2004)
112.954,218.67,3.21,Herrle_et_al._(2004)
123.47,16,3.21,Herrle_et_al._(2004)
93.102,98.4,3.2,Jarvis_et_al._(2006)
93.255,91.5,3.2,Jarvis_et_al._(2006)
122.395,45.25,3.2,Herrle_et_al._(2004)
123.134,28.05,3.2,Herrle_et_al._(2004)
127.001,37.36,3.2,Erba_et_al._(1999)
127.555,43.75,3.2,Erba_et_al._(1999)
93.281,90.3,3.19,Jarvis_et_al._(2006)
122.215,48.85,3.19,Herrle_et_al._(2004)
93.17,95.3,3.18,Jarvis_et_al._(2006)
122.31,46.95,3.18,Herrle_et_al._(2004)
122.425,44.65,3.18,Herrle_et_al._(2004)
123.078,30.05,3.18,Herrle_et_al._(2004)
112.305,246.47,3.17,Herrle_et_al._(2004)
122.49,43.35,3.17,Herrle_et_al._(2004)
93.146,96.4,3.16,Jarvis_et_al._(2006)
113.725,204.57,3.16,Herrle_et_al._(2004)
127.049,37.92,3.16,Erba_et_al._(1999)
112.486,238.72,3.15,Herrle_et_al._(2004)
113.961,200.63,3.15,Herrle_et_al._(2004)
93.057,100.4,3.14,Jarvis_et_al._(2006)
93.234,92.45,3.14,Jarvis_et_al._(2006)
113.904,201.59,3.14,Herrle_et_al._(2004)
122.26,47.95,3.14,Herrle_et_al._(2004)
92.268,120.4,3.13,Jarvis_et_al._(2006)
112.462,239.72,3.13,Herrle_et_al._(2004)
112.52,237.27,3.13,Herrle_et_al._(2004)
122.21,48.95,3.13,Herrle_et_al._(2004)
112.479,239.01,3.12,Herrle_et_al._(2004)
112.505,237.9,3.12,Herrle_et_al._(2004)
112.528,236.92,3.12,Herrle_et_al._(2004)
114.259,195.64,3.12,Herrle_et_al._(2004)
117.827,135.97,3.12,Herrle_et_al._(2004)
122.28,47.55,3.12,Herrle_et_al._(2004)
123.526,14,3.12,Herrle_et_al._(2004)
127.093,38.42,3.12,Erba_et_al._(1999)
127.121,38.75,3.12,Erba_et_al._(1999)
94.487,2.89,3.11,Jarvis_et_al._(2006)
122.29,47.35,3.11,Herrle_et_al._(2004)
123.443,16.97,3.11,Herrle_et_al._(2004)
127.457,42.62,3.11,Erba_et_al._(1999)
96.181,34.71,3.1,Jarvis_et_al._(2006)
112.768,226.62,3.1,Herrle_et_al._(2004)
114.078,198.67,3.1,Herrle_et_al._(2004)
127.499,43.1,3.1,Erba_et_al._(1999)
92.296,119.4,3.09,Jarvis_et_al._(2006)
93.126,97.3,3.09,Jarvis_et_al._(2006)
112.455,240.04,3.09,Herrle_et_al._(2004)
122.545,42.25,3.09,Herrle_et_al._(2004)
124.257,19.54,3.09,Erba_et_al._(1999)
127.071,38.17,3.09,Erba_et_al._(1999)
92.389,116.1,3.08,Jarvis_et_al._(2006)
94.483,2.98,3.08,Jarvis_et_al._(2006)
96.184,34.64,3.08,Jarvis_et_al._(2006)
123.422,17.72,3.08,Herrle_et_al._(2004)
128.297,52.29,3.08,Erba_et_al._(1999)
93.035,101.4,3.07,Jarvis_et_al._(2006)
112.452,240.15,3.07,Herrle_et_al._(2004)
112.529,236.88,3.07,Herrle_et_al._(2004)
122.22,48.75,3.07,Herrle_et_al._(2004)
122.465,43.85,3.07,Herrle_et_al._(2004)
92.162,98.2,3.06,Jarvis_et_al._(2006)
94.49,2.8,3.06,Jarvis_et_al._(2006)
122.435,44.45,3.06,Herrle_et_al._(2004)
122.485,43.45,3.06,Herrle_et_al._(2004)
96.18,34.76,3.05,Jarvis_et_al._(2006)
112.237,249.37,3.05,Herrle_et_al._(2004)
114.383,193.58,3.05,Herrle_et_al._(2004)
92.119,99.4,3.04,Jarvis_et_al._(2006)
92.327,118.3,3.04,Jarvis_et_al._(2006)
92.442,114.2,3.04,Jarvis_et_al._(2006)
122.255,48.05,3.04,Herrle_et_al._(2004)
127.535,43.52,3.04,Erba_et_al._(1999)
127.643,44.76,3.03,Erba_et_al._(1999)
111.223,475.13,3.02,Herrle_et_al._(2004)
112.496,238.3,3.02,Herrle_et_al._(2004)
112.504,237.95,3.02,Herrle_et_al._(2004)
114.139,197.65,3.02,Herrle_et_al._(2004)
122.265,47.85,3.02,Herrle_et_al._(2004)
115.606,173.12,3.01,Herrle_et_al._(2004)
115.982,166.82,3.01,Herrle_et_al._(2004)
123.407,18.28,3.01,Herrle_et_al._(2004)
123.432,17.38,3.01,Herrle_et_al._(2004)
127.228,39.98,3.01,Erba_et_al._(1999)
127.432,42.33,3.01,Erba_et_al._(1999)
92.967,104.5,3,Jarvis_et_al._(2006)
112.354,244.37,3,Herrle_et_al._(2004)
112.511,237.62,3,Herrle_et_al._(2004)
116.979,150.16,3,Herrle_et_al._(2004)
123.424,17.66,3,Herrle_et_al._(2004)
127.72,45.65,3,Erba_et_al._(1999)
92.047,101.4,2.99,Jarvis_et_al._(2006)
112.466,239.56,2.99,Herrle_et_al._(2004)
112.494,238.36,2.99,Herrle_et_al._(2004)
122.4,45.15,2.99,Herrle_et_al._(2004)
92.47,113.2,2.98,Jarvis_et_al._(2006)
96.184,34.62,2.98,Jarvis_et_al._(2006)
113.363,210.63,2.98,Herrle_et_al._(2004)
126.632,33.12,2.98,Erba_et_al._(1999)
126.732,34.27,2.98,Erba_et_al._(1999)
127.251,40.25,2.98,Erba_et_al._(1999)
127.271,40.48,2.98,Erba_et_al._(1999)
127.474,42.81,2.98,Erba_et_al._(1999)
92.624,107.7,2.97,Jarvis_et_al._(2006)
94.493,2.72,2.97,Jarvis_et_al._(2006)
96.188,34.5,2.97,Jarvis_et_al._(2006)
112.472,239.3,2.97,Herrle_et_al._(2004)
112.489,238.6,2.97,Herrle_et_al._(2004)
122.27,47.75,2.97,Herrle_et_al._(2004)
122.39,45.35,2.97,Herrle_et_al._(2004)
124.23,19.41,2.97,Erba_et_al._(1999)
124.603,21.2,2.97,Erba_et_al._(1999)
92.205,97,2.96,Jarvis_et_al._(2006)
112.909,220.61,2.96,Herrle_et_al._(2004)
127.15,39.08,2.96,Erba_et_al._(1999)
92.944,105.5,2.95,Jarvis_et_al._(2006)
92.991,103.4,2.95,Jarvis_et_al._(2006)
125.152,23.83,2.95,Erba_et_al._(1999)
127.293,40.73,2.95,Erba_et_al._(1999)
127.316,40.99,2.95,Erba_et_al._(1999)
127.376,41.68,2.95,Erba_et_al._(1999)
92.248,95.8,2.94,Jarvis_et_al._(2006)
112.518,237.32,2.94,Herrle_et_al._(2004)
113.656,205.73,2.94,Herrle_et_al._(2004)
126.623,33.01,2.94,Erba_et_al._(1999)
126.974,37.05,2.94,Erba_et_al._(1999)
92.355,117.3,2.93,Jarvis_et_al._(2006)
92.414,115.2,2.93,Jarvis_et_al._(2006)
112.45,240.26,2.93,Herrle_et_al._(2004)
115.761,170.53,2.93,Herrle_et_al._(2004)
127.169,39.3,2.93,Erba_et_al._(1999)
127.196,39.61,2.93,Erba_et_al._(1999)
127.409,42.06,2.93,Erba_et_al._(1999)
96.177,34.85,2.92,Jarvis_et_al._(2006)
111.469,282.25,2.92,Herrle_et_al._(2004)
112.475,239.17,2.92,Herrle_et_al._(2004)
117.134,147.56,2.92,Herrle_et_al._(2004)
117.311,144.6,2.92,Herrle_et_al._(2004)
122.13,50.55,2.92,Herrle_et_al._(2004)
122.25,48.15,2.92,Herrle_et_al._(2004)
128.324,52.6,2.92,Erba_et_al._(1999)
96.187,34.55,2.91,Jarvis_et_al._(2006)
112.458,239.93,2.91,Herrle_et_al._(2004)
112.523,237.14,2.91,Herrle_et_al._(2004)
113.178,213.73,2.91,Herrle_et_al._(2004)
115.54,174.23,2.91,Herrle_et_al._(2004)
123.436,17.24,2.91,Herrle_et_al._(2004)
126.929,36.53,2.91,Erba_et_al._(1999)
96.179,34.79,2.9,Jarvis_et_al._(2006)
112.46,239.82,2.9,Herrle_et_al._(2004)
112.47,239.4,2.9,Herrle_et_al._(2004)
112.474,239.23,2.9,Herrle_et_al._(2004)
112.51,237.68,2.9,Herrle_et_al._(2004)
112.675,230.6,2.9,Herrle_et_al._(2004)
117.201,146.45,2.9,Herrle_et_al._(2004)
124.77,22,2.9,Erba_et_al._(1999)
124.795,22.12,2.9,Erba_et_al._(1999)
125.181,23.97,2.9,Erba_et_al._(1999)
126.806,35.12,2.9,Erba_et_al._(1999)
126.829,35.38,2.9,Erba_et_al._(1999)
126.842,35.53,2.9,Erba_et_al._(1999)
126.901,36.21,2.9,Erba_et_al._(1999)
112.323,245.67,2.89,Herrle_et_al._(2004)
112.65,231.69,2.89,Herrle_et_al._(2004)
124.683,21.58,2.89,Erba_et_al._(1999)
125.711,26.51,2.89,Erba_et_al._(1999)
92.596,108.7,2.88,Jarvis_et_al._(2006)
93.015,102.3,2.88,Jarvis_et_al._(2006)
111.474,282.05,2.88,Herrle_et_al._(2004)
122.275,47.65,2.88,Herrle_et_al._(2004)
124.566,21.02,2.88,Erba_et_al._(1999)
126.663,33.47,2.88,Erba_et_al._(1999)
127.345,41.33,2.88,Erba_et_al._(1999)
128.258,51.84,2.88,Erba_et_al._(1999)
128.276,52.05,2.88,Erba_et_al._(1999)
92.9,107.5,2.87,Jarvis_et_al._(2006)
117.068,148.68,2.87,Herrle_et_al._(2004)
117.884,135.02,2.87,Herrle_et_al._(2004)
122.205,49.05,2.87,Herrle_et_al._(2004)
126.951,36.79,2.87,Erba_et_al._(1999)
92.935,105.9,2.86,Jarvis_et_al._(2006)
112.513,237.57,2.86,Herrle_et_al._(2004)
112.746,227.57,2.86,Herrle_et_al._(2004)
122.185,49.45,2.86,Herrle_et_al._(2004)
122.455,44.05,2.86,Herrle_et_al._(2004)
124.528,20.84,2.86,Erba_et_al._(1999)
126.702,33.92,2.86,Erba_et_al._(1999)
111.298,289.6,2.85,Herrle_et_al._(2004)
112.526,237.01,2.85,Herrle_et_al._(2004)
123.441,17.03,2.85,Herrle_et_al._(2004)
124.512,20.76,2.85,Erba_et_al._(1999)
124.704,21.68,2.85,Erba_et_al._(1999)
124.827,22.27,2.85,Erba_et_al._(1999)
125.282,24.45,2.85,Erba_et_al._(1999)
126.53,31.94,2.85,Erba_et_al._(1999)
94.506,2.36,2.84,Jarvis_et_al._(2006)
94.52,2.01,2.84,Jarvis_et_al._(2006)
94.546,71.25,2.84,Jarvis_et_al._(2006)
112.482,238.89,2.84,Herrle_et_al._(2004)
112.484,238.81,2.84,Herrle_et_al._(2004)
116.592,156.64,2.84,Herrle_et_al._(2004)
121.865,55.85,2.84,Herrle_et_al._(2004)
125.334,24.7,2.84,Erba_et_al._(1999)
125.501,25.5,2.84,Erba_et_al._(1999)
126.549,32.16,2.84,Erba_et_al._(1999)
126.605,32.8,2.84,Erba_et_al._(1999)
128.357,52.99,2.84,Erba_et_al._(1999)
96.176,34.86,2.83,Jarvis_et_al._(2006)
112.53,236.84,2.83,Herrle_et_al._(2004)
113.309,211.53,2.83,Herrle_et_al._(2004)
122.06,51.95,2.83,Herrle_et_al._(2004)
125.609,26.02,2.83,Erba_et_al._(1999)
127.66,44.96,2.83,Erba_et_al._(1999)
128.236,51.59,2.83,Erba_et_al._(1999)
94.5,2.54,2.82,Jarvis_et_al._(2006)
96.189,34.47,2.82,Jarvis_et_al._(2006)
112.628,232.61,2.82,Herrle_et_al._(2004)
115.407,176.45,2.82,Herrle_et_al._(2004)
125.899,27.41,2.82,Erba_et_al._(1999)
94.497,2.63,2.81,Jarvis_et_al._(2006)
94.522,73.4,2.81,Jarvis_et_al._(2006)
122.025,52.65,2.81,Herrle_et_al._(2004)
122.46,43.95,2.81,Herrle_et_al._(2004)
126.756,34.54,2.81,Erba_et_al._(1999)
128.346,52.86,2.81,Erba_et_al._(1999)
92.014,102.3,2.8,Jarvis_et_al._(2006)
94.513,2.19,2.8,Jarvis_et_al._(2006)
94.516,2.1,2.8,Jarvis_et_al._(2006)
112.377,243.37,2.8,Herrle_et_al._(2004)
125.755,26.72,2.8,Erba_et_al._(1999)
126.578,32.49,2.8,Erba_et_al._(1999)
126.78,34.82,2.8,Erba_et_al._(1999)
94.51,2.28,2.79,Jarvis_et_al._(2006)
123.403,18.41,2.79,Herrle_et_al._(2004)
124.635,21.35,2.79,Erba_et_al._(1999)
127.695,45.36,2.79,Erba_et_al._(1999)
112.097,255.37,2.78,Herrle_et_al._(2004)
112.493,238.4,2.78,Herrle_et_al._(2004)
122.075,51.65,2.78,Herrle_et_al._(2004)
127.909,47.83,2.78,Erba_et_al._(1999)
94.985,53.7,2.77,Jarvis_et_al._(2006)
117.577,140.16,2.77,Herrle_et_al._(2004)
122.03,52.55,2.77,Herrle_et_al._(2004)
122.12,50.75,2.77,Herrle_et_al._(2004)
122.165,49.85,2.77,Herrle_et_al._(2004)
123.426,17.59,2.77,Herrle_et_al._(2004)
123.439,17.1,2.77,Herrle_et_al._(2004)
92.92,106.6,2.76,Jarvis_et_al._(2006)
94.503,2.45,2.76,Jarvis_et_al._(2006)
94.837,59.9,2.76,Jarvis_et_al._(2006)
112.406,242.12,2.76,Herrle_et_al._(2004)
121.82,56.75,2.76,Herrle_et_al._(2004)
122.245,48.25,2.76,Herrle_et_al._(2004)
125.812,26.99,2.76,Erba_et_al._(1999)
91.946,104.2,2.75,Jarvis_et_al._(2006)
111.313,288.95,2.75,Herrle_et_al._(2004)
122.18,49.55,2.75,Herrle_et_al._(2004)
122.19,49.35,2.75,Herrle_et_al._(2004)
125.651,26.22,2.75,Erba_et_al._(1999)
126.432,30.81,2.75,Erba_et_al._(1999)
126.457,31.1,2.75,Erba_et_al._(1999)
112.334,245.22,2.74,Herrle_et_al._(2004)
113.542,207.63,2.74,Herrle_et_al._(2004)
113.608,206.53,2.74,Herrle_et_al._(2004)
117.223,146.08,2.74,Herrle_et_al._(2004)
124.482,20.62,2.74,Erba_et_al._(1999)
95.096,49.45,2.73,Jarvis_et_al._(2006)
112.977,217.7,2.73,Herrle_et_al._(2004)
122.195,49.25,2.73,Herrle_et_al._(2004)
122.2,49.15,2.73,Herrle_et_al._(2004)
128.216,51.36,2.73,Erba_et_al._(1999)
92.083,100.4,2.72,Jarvis_et_al._(2006)
95.246,43.4,2.72,Jarvis_et_al._(2006)
96.173,34.95,2.72,Jarvis_et_al._(2006)
111.402,285.15,2.72,Herrle_et_al._(2004)
112.141,253.49,2.72,Herrle_et_al._(2004)
122.005,53.05,2.72,Herrle_et_al._(2004)
126.025,28.01,2.72,Erba_et_al._(1999)
127.581,44.05,2.72,Erba_et_al._(1999)
127.771,46.23,2.72,Erba_et_al._(1999)
90.053,451,2.71,Jarvis_et_al._(2006)
94.971,55.2,2.71,Jarvis_et_al._(2006)
95.124,47.7,2.71,Jarvis_et_al._(2006)
111.419,284.42,2.71,Herrle_et_al._(2004)
112.048,257.47,2.71,Herrle_et_al._(2004)
117.954,133.86,2.71,Herrle_et_al._(2004)
124.403,20.24,2.71,Erba_et_al._(1999)
124.441,20.42,2.71,Erba_et_al._(1999)
125.39,24.97,2.71,Erba_et_al._(1999)
125.937,27.59,2.71,Erba_et_al._(1999)
96.17,35.04,2.7,Jarvis_et_al._(2006)
96.192,34.39,2.7,Jarvis_et_al._(2006)
114.189,196.81,2.7,Herrle_et_al._(2004)
116.126,164.42,2.7,Herrle_et_al._(2004)
126.083,28.29,2.7,Erba_et_al._(1999)
127.866,47.33,2.7,Erba_et_al._(1999)
112.49,238.52,2.69,Herrle_et_al._(2004)
112.498,238.2,2.69,Herrle_et_al._(2004)
112.56,235.53,2.69,Herrle_et_al._(2004)
115.274,178.68,2.69,Herrle_et_al._(2004)
122.135,50.45,2.69,Herrle_et_al._(2004)
124.345,19.96,2.69,Erba_et_al._(1999)
95.038,52.25,2.68,Jarvis_et_al._(2006)
111.455,282.85,2.68,Herrle_et_al._(2004)
112.696,229.71,2.68,Herrle_et_al._(2004)
122.07,51.75,2.68,Herrle_et_al._(2004)
122.17,49.75,2.68,Herrle_et_al._(2004)
94.919,56.8,2.67,Jarvis_et_al._(2006)
95.077,50.6,2.67,Jarvis_et_al._(2006)
111.479,281.85,2.67,Herrle_et_al._(2004)
112.404,242.2,2.67,Herrle_et_al._(2004)
112.506,237.85,2.67,Herrle_et_al._(2004)
121.22,68.75,2.67,Herrle_et_al._(2004)
121.32,66.75,2.67,Herrle_et_al._(2004)
122.125,50.65,2.67,Herrle_et_al._(2004)
122.14,50.35,2.67,Herrle_et_al._(2004)
123.438,17.17,2.67,Herrle_et_al._(2004)
126.441,30.91,2.67,Erba_et_al._(1999)
90.067,452,2.66,Jarvis_et_al._(2006)
94.639,68,2.66,Jarvis_et_al._(2006)
95.277,61,2.66,Jarvis_et_al._(2006)
111.486,281.55,2.66,Herrle_et_al._(2004)
112.516,237.44,2.66,Herrle_et_al._(2004)
115.861,168.86,2.66,Herrle_et_al._(2004)
117.699,138.12,2.66,Herrle_et_al._(2004)
124.391,20.18,2.66,Erba_et_al._(1999)
125.457,25.29,2.66,Erba_et_al._(1999)
127.817,46.77,2.66,Erba_et_al._(1999)
94.598,69.55,2.65,Jarvis_et_al._(2006)
112.385,243.02,2.65,Herrle_et_al._(2004)
112.524,237.07,2.65,Herrle_et_al._(2004)
122.035,52.45,2.65,Herrle_et_al._(2004)
122.04,52.35,2.65,Herrle_et_al._(2004)
124.343,19.95,2.65,Erba_et_al._(1999)
126.135,28.54,2.65,Erba_et_al._(1999)
128.396,53.43,2.65,Erba_et_al._(1999)
91.978,103.3,2.64,Jarvis_et_al._(2006)
94.797,61.35,2.64,Jarvis_et_al._(2006)
95.057,51.4,2.64,Jarvis_et_al._(2006)
111.44,283.52,2.64,Herrle_et_al._(2004)
112.503,238,2.64,Herrle_et_al._(2004)
122.1,51.15,2.64,Herrle_et_al._(2004)
127.844,47.07,2.64,Erba_et_al._(1999)
96.194,34.32,2.63,Jarvis_et_al._(2006)
112.492,238.46,2.63,Herrle_et_al._(2004)
112.497,238.24,2.63,Herrle_et_al._(2004)
125.117,23.66,2.63,Erba_et_al._(1999)
94.896,57.95,2.62,Jarvis_et_al._(2006)
95.022,53,2.62,Jarvis_et_al._(2006)
96.169,35.07,2.62,Jarvis_et_al._(2006)
122.02,52.75,2.62,Herrle_et_al._(2004)
122.055,52.05,2.62,Herrle_et_al._(2004)
122.145,50.25,2.62,Herrle_et_al._(2004)
90.142,457,2.61,Jarvis_et_al._(2006)
91.914,105.1,2.61,Jarvis_et_al._(2006)
94.676,66.3,2.61,Jarvis_et_al._(2006)
95.166,46.5,2.61,Jarvis_et_al._(2006)
95.313,60,2.61,Jarvis_et_al._(2006)
109.878,417.09,2.61,Gale_et_al._(2011)
110.449,441.71,2.61,Gale_et_al._(2011)
112.408,242.07,2.61,Herrle_et_al._(2004)
112.514,237.51,2.61,Herrle_et_al._(2004)
111.318,288.75,2.6,Herrle_et_al._(2004)
111.421,284.3,2.6,Herrle_et_al._(2004)
113.069,215.55,2.6,Herrle_et_al._(2004)
116.824,152.75,2.6,Herrle_et_al._(2004)
116.902,151.45,2.6,Herrle_et_al._(2004)
121.915,54.85,2.6,Herrle_et_al._(2004)
122.015,52.85,2.6,Herrle_et_al._(2004)
95.219,44.4,2.59,Jarvis_et_al._(2006)
96.195,34.31,2.59,Jarvis_et_al._(2006)
111.388,285.75,2.59,Herrle_et_al._(2004)
112.396,242.57,2.59,Herrle_et_al._(2004)
127.932,48.09,2.59,Erba_et_al._(1999)
90.097,454,2.58,Jarvis_et_al._(2006)
94.872,58.9,2.58,Jarvis_et_al._(2006)
94.947,55.8,2.58,Jarvis_et_al._(2006)
96.203,34.06,2.58,Jarvis_et_al._(2006)
111.413,284.67,2.58,Herrle_et_al._(2004)
111.979,260.42,2.58,Herrle_et_al._(2004)
117.633,139.23,2.58,Herrle_et_al._(2004)
127.948,48.27,2.58,Erba_et_al._(1999)
128.417,53.68,2.58,Erba_et_al._(1999)
94.717,64.65,2.57,Jarvis_et_al._(2006)
112.404,242.23,2.57,Herrle_et_al._(2004)
112.507,237.8,2.57,Herrle_et_al._(2004)
122.08,51.55,2.57,Herrle_et_al._(2004)
122.175,49.65,2.57,Herrle_et_al._(2004)
90.081,452.9,2.56,Jarvis_et_al._(2006)
122.05,52.15,2.56,Herrle_et_al._(2004)
122.11,50.95,2.56,Herrle_et_al._(2004)
123.428,17.52,2.56,Herrle_et_al._(2004)
126.489,31.47,2.56,Erba_et_al._(1999)
89.992,446.9,2.55,Jarvis_et_al._(2006)
109.715,410.05,2.55,Gale_et_al._(2011)
112.398,242.47,2.55,Herrle_et_al._(2004)
112.517,237.37,2.55,Herrle_et_al._(2004)
122.23,48.55,2.55,Herrle_et_al._(2004)
127.795,46.51,2.55,Erba_et_al._(1999)
128.187,51.03,2.55,Erba_et_al._(1999)
96.197,34.24,2.54,Jarvis_et_al._(2006)
111.322,288.55,2.54,Herrle_et_al._(2004)
115.473,175.34,2.54,Herrle_et_al._(2004)
128.105,50.08,2.54,Erba_et_al._(1999)
95.195,45.5,2.53,Jarvis_et_al._(2006)
96.168,35.12,2.53,Jarvis_et_al._(2006)
96.197,34.23,2.53,Jarvis_et_al._(2006)
112.446,240.42,2.53,Herrle_et_al._(2004)
115.938,167.56,2.53,Herrle_et_al._(2004)
116.702,154.79,2.53,Herrle_et_al._(2004)
126.404,30.49,2.53,Erba_et_al._(1999)
90.036,449.9,2.52,Jarvis_et_al._(2006)
96.165,35.19,2.52,Jarvis_et_al._(2006)
111.294,289.75,2.52,Herrle_et_al._(2004)
111.308,289.17,2.52,Herrle_et_al._(2004)
112,259.52,2.52,Herrle_et_al._(2004)
112.027,258.37,2.52,Herrle_et_al._(2004)
112.502,238.04,2.52,Herrle_et_al._(2004)
122.105,51.05,2.52,Herrle_et_al._(2004)
90.006,447.9,2.51,Jarvis_et_al._(2006)
90.021,448.9,2.51,Jarvis_et_al._(2006)
91.112,127.4,2.51,Jarvis_et_al._(2006)
95.471,56.15,2.51,Jarvis_et_al._(2006)
96.163,35.27,2.51,Jarvis_et_al._(2006)
96.205,33.99,2.51,Jarvis_et_al._(2006)
96.208,33.9,2.51,Jarvis_et_al._(2006)
96.219,33.59,2.51,Jarvis_et_al._(2006)
111.435,283.72,2.51,Herrle_et_al._(2004)
122.225,48.65,2.51,Herrle_et_al._(2004)
127.885,47.55,2.51,Erba_et_al._(1999)
128.567,55.4,2.51,Erba_et_al._(1999)
89.977,445.9,2.5,Jarvis_et_al._(2006)
90.11,454.9,2.5,Jarvis_et_al._(2006)
94.757,63,2.5,Jarvis_et_al._(2006)
95.446,56.85,2.5,Jarvis_et_al._(2006)
96.165,35.2,2.5,Jarvis_et_al._(2006)
96.202,34.08,2.5,Jarvis_et_al._(2006)
96.209,33.89,2.5,Jarvis_et_al._(2006)
111.46,282.65,2.5,Herrle_et_al._(2004)
111.837,266.52,2.5,Herrle_et_al._(2004)
112.074,256.37,2.5,Herrle_et_al._(2004)
112.167,252.39,2.5,Herrle_et_al._(2004)
117.771,136.92,2.5,Herrle_et_al._(2004)
95.451,56.7,2.49,Jarvis_et_al._(2006)
95.481,55.84,2.49,Jarvis_et_al._(2006)
95.495,55.37,2.49,Jarvis_et_al._(2006)
96.211,33.81,2.49,Jarvis_et_al._(2006)
96.277,31.99,2.49,Jarvis_et_al._(2006)
112.279,247.57,2.49,Herrle_et_al._(2004)
112.447,240.37,2.49,Herrle_et_al._(2004)
122.045,52.25,2.49,Herrle_et_al._(2004)
128.083,49.83,2.49,Erba_et_al._(1999)
128.447,54.02,2.49,Erba_et_al._(1999)
90.125,455.9,2.48,Jarvis_et_al._(2006)
91.856,106.7,2.48,Jarvis_et_al._(2006)
91.888,105.8,2.48,Jarvis_et_al._(2006)
111.465,282.45,2.48,Herrle_et_al._(2004)
112.403,242.27,2.48,Herrle_et_al._(2004)
116.281,161.82,2.48,Herrle_et_al._(2004)
126.324,29.57,2.48,Erba_et_al._(1999)
91.151,126.3,2.47,Jarvis_et_al._(2006)
95.474,55.93,2.47,Jarvis_et_al._(2006)
96.21,33.84,2.47,Jarvis_et_al._(2006)
111.407,284.9,2.47,Herrle_et_al._(2004)
111.444,283.32,2.47,Herrle_et_al._(2004)
126.214,28.92,2.47,Erba_et_al._(1999)
126.349,29.86,2.47,Erba_et_al._(1999)
126.689,33.77,2.47,Erba_et_al._(1999)
89.917,441.9,2.46,Jarvis_et_al._(2006)
89.963,445,2.46,Jarvis_et_al._(2006)
96.217,33.64,2.46,Jarvis_et_al._(2006)
96.275,32.04,2.46,Jarvis_et_al._(2006)
96.281,31.89,2.46,Jarvis_et_al._(2006)
111.392,285.55,2.46,Herrle_et_al._(2004)
121.42,64.75,2.46,Herrle_et_al._(2004)
126.374,30.14,2.46,Erba_et_al._(1999)
128.114,50.19,2.46,Erba_et_al._(1999)
90.201,461,2.45,Jarvis_et_al._(2006)
91.82,107.7,2.45,Jarvis_et_al._(2006)
95.346,59.1,2.45,Jarvis_et_al._(2006)
95.459,56.5,2.45,Jarvis_et_al._(2006)
95.462,56.37,2.45,Jarvis_et_al._(2006)
95.51,54.9,2.45,Jarvis_et_al._(2006)
96.2,34.14,2.45,Jarvis_et_al._(2006)
112.445,240.47,2.45,Herrle_et_al._(2004)
112.932,219.62,2.45,Herrle_et_al._(2004)
120.526,82.64,2.45,Herrle_et_al._(2004)
120.64,80.36,2.45,Herrle_et_al._(2004)
121.67,59.75,2.45,Herrle_et_al._(2004)
122.24,48.35,2.45,Herrle_et_al._(2004)
96.157,35.44,2.44,Jarvis_et_al._(2006)
96.27,32.19,2.44,Jarvis_et_al._(2006)
112.409,242.02,2.44,Herrle_et_al._(2004)
120.521,82.74,2.44,Herrle_et_al._(2004)
120.531,82.54,2.44,Herrle_et_al._(2004)
120.621,80.74,2.44,Herrle_et_al._(2004)
128.166,50.78,2.44,Erba_et_al._(1999)
128.469,54.27,2.44,Erba_et_al._(1999)
95.376,58.1,2.43,Jarvis_et_al._(2006)
96.157,35.43,2.43,Jarvis_et_al._(2006)
96.214,33.74,2.43,Jarvis_et_al._(2006)
96.271,32.14,2.43,Jarvis_et_al._(2006)
111.183,473.37,2.43,Herrle_et_al._(2004)
111.278,290.42,2.43,Herrle_et_al._(2004)
111.814,267.48,2.43,Herrle_et_al._(2004)
120.498,83.19,2.43,Herrle_et_al._(2004)
120.783,77.49,2.43,Herrle_et_al._(2004)
122.15,50.15,2.43,Herrle_et_al._(2004)
128.002,48.89,2.43,Erba_et_al._(1999)
128.118,50.23,2.43,Erba_et_al._(1999)
95.517,54.68,2.42,Jarvis_et_al._(2006)
96.161,35.32,2.42,Jarvis_et_al._(2006)
96.268,32.23,2.42,Jarvis_et_al._(2006)
107.044,286.18,2.42,Gale_et_al._(2011)
107.121,290.7,2.42,Gale_et_al._(2011)
111.788,268.58,2.42,Herrle_et_al._(2004)
120.493,83.29,2.42,Herrle_et_al._(2004)
120.817,76.82,2.42,Herrle_et_al._(2004)
122.065,51.85,2.42,Herrle_et_al._(2004)
128.028,49.2,2.42,Erba_et_al._(1999)
91.647,112.5,2.41,Jarvis_et_al._(2006)
91.791,108.5,2.41,Jarvis_et_al._(2006)
96.146,35.77,2.41,Jarvis_et_al._(2006)
96.149,35.68,2.41,Jarvis_et_al._(2006)
96.216,33.68,2.41,Jarvis_et_al._(2006)
96.221,33.52,2.41,Jarvis_et_al._(2006)
96.286,31.75,2.41,Jarvis_et_al._(2006)
111.86,265.52,2.41,Herrle_et_al._(2004)
120.97,73.75,2.41,Herrle_et_al._(2004)
129.329,61.22,2.41,Erba_et_al._(1999)
129.408,61.79,2.41,Erba_et_al._(1999)
89.932,442.9,2.4,Jarvis_et_al._(2006)
91.752,109.6,2.4,Jarvis_et_al._(2006)
95.484,55.76,2.4,Jarvis_et_al._(2006)
95.6,52.2,2.4,Jarvis_et_al._(2006)
96.152,35.6,2.4,Jarvis_et_al._(2006)
111.332,288.15,2.4,Herrle_et_al._(2004)
111.355,287.15,2.4,Herrle_et_al._(2004)
120.596,81.23,2.4,Herrle_et_al._(2004)
120.624,80.67,2.4,Herrle_et_al._(2004)
120.847,76.22,2.4,Herrle_et_al._(2004)
121.62,60.75,2.4,Herrle_et_al._(2004)
122.09,51.35,2.4,Herrle_et_al._(2004)
126.422,30.69,2.4,Erba_et_al._(1999)
91.612,113.5,2.39,Jarvis_et_al._(2006)
95.456,56.6,2.39,Jarvis_et_al._(2006)
95.533,54.22,2.39,Jarvis_et_al._(2006)
96.264,32.34,2.39,Jarvis_et_al._(2006)
96.278,31.96,2.39,Jarvis_et_al._(2006)
106.085,274.12,2.39,Gale_et_al._(2011)
111.284,290.2,2.39,Herrle_et_al._(2004)
115.108,181.45,2.39,Herrle_et_al._(2004)
120.735,78.45,2.39,Herrle_et_al._(2004)
120.798,77.19,2.39,Herrle_et_al._(2004)
120.92,74.75,2.39,Herrle_et_al._(2004)
121.47,63.75,2.39,Herrle_et_al._(2004)
95.503,55.12,2.38,Jarvis_et_al._(2006)
96.287,31.72,2.38,Jarvis_et_al._(2006)
120.628,80.6,2.38,Herrle_et_al._(2004)
128.887,58.06,2.38,Erba_et_al._(1999)
128.904,58.18,2.38,Erba_et_al._(1999)
129.059,59.29,2.38,Erba_et_al._(1999)
129.175,60.12,2.38,Erba_et_al._(1999)
129.453,62.11,2.38,Erba_et_al._(1999)
91.687,111.4,2.37,Jarvis_et_al._(2006)
96.115,36.7,2.37,Jarvis_et_al._(2006)
96.16,35.35,2.37,Jarvis_et_al._(2006)
96.284,31.8,2.37,Jarvis_et_al._(2006)
96.294,31.55,2.37,Jarvis_et_al._(2006)
101.204,143.72,2.37,Gale_et_al._(2011)
112.4,242.39,2.37,Herrle_et_al._(2004)
117.5,141.45,2.37,Herrle_et_al._(2004)
121.27,67.75,2.37,Herrle_et_al._(2004)
121.72,58.75,2.37,Herrle_et_al._(2004)
129.473,62.25,2.37,Erba_et_al._(1999)
95.409,58.05,2.36,Jarvis_et_al._(2006)
95.467,56.25,2.36,Jarvis_et_al._(2006)
95.537,54.1,2.36,Jarvis_et_al._(2006)
96.097,37.25,2.36,Jarvis_et_al._(2006)
96.12,36.55,2.36,Jarvis_et_al._(2006)
96.283,31.82,2.36,Jarvis_et_al._(2006)
111.171,472.86,2.36,Herrle_et_al._(2004)
112.5,238.12,2.36,Herrle_et_al._(2004)
120.492,83.32,2.36,Herrle_et_al._(2004)
120.729,78.58,2.36,Herrle_et_al._(2004)
128.543,55.13,2.36,Erba_et_al._(1999)
89.874,439,2.35,Jarvis_et_al._(2006)
96.137,36.05,2.35,Jarvis_et_al._(2006)
96.262,32.39,2.35,Jarvis_et_al._(2006)
96.289,31.66,2.35,Jarvis_et_al._(2006)
109.843,415.58,2.35,Gale_et_al._(2011)
112.508,237.75,2.35,Herrle_et_al._(2004)
112.724,228.52,2.35,Herrle_et_al._(2004)
115.052,182.38,2.35,Herrle_et_al._(2004)
120.635,80.46,2.35,Herrle_et_al._(2004)
120.697,79.21,2.35,Herrle_et_al._(2004)
120.909,74.98,2.35,Herrle_et_al._(2004)
122.085,51.45,2.35,Herrle_et_al._(2004)
128.515,54.81,2.35,Erba_et_al._(1999)
90.319,468.9,2.34,Jarvis_et_al._(2006)
96.107,36.95,2.34,Jarvis_et_al._(2006)
96.113,36.78,2.34,Jarvis_et_al._(2006)
96.135,36.12,2.34,Jarvis_et_al._(2006)
96.153,35.58,2.34,Jarvis_et_al._(2006)
96.155,35.52,2.34,Jarvis_et_al._(2006)
106.79,280.65,2.34,Gale_et_al._(2011)
112.418,241.62,2.34,Herrle_et_al._(2004)
115.827,169.42,2.34,Herrle_et_al._(2004)
120.571,81.73,2.34,Herrle_et_al._(2004)
120.631,80.53,2.34,Herrle_et_al._(2004)
120.645,80.26,2.34,Herrle_et_al._(2004)
122.235,48.45,2.34,Herrle_et_al._(2004)
128.057,49.53,2.34,Erba_et_al._(1999)
129.023,59.03,2.34,Erba_et_al._(1999)
129.207,60.35,2.34,Erba_et_al._(1999)
90.155,457.9,2.33,Jarvis_et_al._(2006)
90.17,458.9,2.33,Jarvis_et_al._(2006)
95.487,55.53,2.33,Jarvis_et_al._(2006)
95.5,55.2,2.33,Jarvis_et_al._(2006)
95.766,47.2,2.33,Jarvis_et_al._(2006)
96.025,39.42,2.33,Jarvis_et_al._(2006)
96.11,36.85,2.33,Jarvis_et_al._(2006)
96.129,36.29,2.33,Jarvis_et_al._(2006)
96.14,35.97,2.33,Jarvis_et_al._(2006)
96.296,31.48,2.33,Jarvis_et_al._(2006)
107.083,288.44,2.33,Gale_et_al._(2011)
112.413,241.82,2.33,Herrle_et_al._(2004)
116.193,163.31,2.33,Herrle_et_al._(2004)
120.601,81.13,2.33,Herrle_et_al._(2004)
121.02,72.75,2.33,Herrle_et_al._(2004)
95.429,57.3,2.32,Jarvis_et_al._(2006)
95.439,57.08,2.32,Jarvis_et_al._(2006)
96.078,37.82,2.32,Jarvis_et_al._(2006)
96.124,36.45,2.32,Jarvis_et_al._(2006)
96.242,32.92,2.32,Jarvis_et_al._(2006)
96.248,32.76,2.32,Jarvis_et_al._(2006)
96.25,32.72,2.32,Jarvis_et_al._(2006)
96.3,31.39,2.32,Jarvis_et_al._(2006)
111.383,285.95,2.32,Herrle_et_al._(2004)
111.762,269.72,2.32,Herrle_et_al._(2004)
114.775,187.01,2.32,Herrle_et_al._(2004)
120.551,82.13,2.32,Herrle_et_al._(2004)
121.17,69.75,2.32,Herrle_et_al._(2004)
89.947,443.9,2.31,Jarvis_et_al._(2006)
96.099,37.18,2.31,Jarvis_et_al._(2006)
96.126,36.38,2.31,Jarvis_et_al._(2006)
96.144,35.85,2.31,Jarvis_et_al._(2006)
96.222,33.49,2.31,Jarvis_et_al._(2006)
96.224,33.43,2.31,Jarvis_et_al._(2006)
96.227,33.34,2.31,Jarvis_et_al._(2006)
96.239,33.01,2.31,Jarvis_et_al._(2006)
100.954,107.79,2.31,Gale_et_al._(2011)
101.129,132.91,2.31,Gale_et_al._(2011)
120.503,83.09,2.31,Herrle_et_al._(2004)
120.832,76.52,2.31,Herrle_et_al._(2004)
122.115,50.85,2.31,Herrle_et_al._(2004)
124.887,22.56,2.31,Erba_et_al._(1999)
126.3,29.29,2.31,Erba_et_al._(1999)
128.493,54.55,2.31,Erba_et_al._(1999)
129.091,59.52,2.31,Erba_et_al._(1999)
133.324,106.38,2.31,Erba_et_al._(1999)
133.343,107.06,2.31,Erba_et_al._(1999)
133.608,116.16,2.31,Erba_et_al._(1999)
95.443,56.98,2.3,Jarvis_et_al._(2006)
96.084,37.65,2.3,Jarvis_et_al._(2006)
96.102,37.1,2.3,Jarvis_et_al._(2006)
96.236,33.09,2.3,Jarvis_et_al._(2006)
96.247,32.8,2.3,Jarvis_et_al._(2006)
96.292,31.59,2.3,Jarvis_et_al._(2006)
110.903,461.31,2.3,Herrle_et_al._(2004)
111.35,287.35,2.3,Herrle_et_al._(2004)
112.536,236.57,2.3,Herrle_et_al._(2004)
114.558,190.65,2.3,Herrle_et_al._(2004)
116.647,155.71,2.3,Herrle_et_al._(2004)
120.556,82.03,2.3,Herrle_et_al._(2004)
120.591,81.33,2.3,Herrle_et_al._(2004)
120.743,78.3,2.3,Herrle_et_al._(2004)
128.594,55.71,2.3,Erba_et_al._(1999)
96.085,37.6,2.29,Jarvis_et_al._(2006)
96.241,32.95,2.29,Jarvis_et_al._(2006)
96.244,32.88,2.29,Jarvis_et_al._(2006)
96.298,31.42,2.29,Jarvis_et_al._(2006)
96.307,31.18,2.29,Jarvis_et_al._(2006)
111.45,283.07,2.29,Herrle_et_al._(2004)
117.001,149.79,2.29,Herrle_et_al._(2004)
120.386,85.44,2.29,Herrle_et_al._(2004)
120.763,77.9,2.29,Herrle_et_al._(2004)
121.37,65.75,2.29,Herrle_et_al._(2004)
122.16,49.95,2.29,Herrle_et_al._(2004)
124.889,22.57,2.29,Erba_et_al._(1999)
128.841,57.73,2.29,Erba_et_al._(1999)
91.288,122.5,2.28,Jarvis_et_al._(2006)
95.926,42.4,2.28,Jarvis_et_al._(2006)
96.235,33.12,2.28,Jarvis_et_al._(2006)
112.422,241.47,2.28,Herrle_et_al._(2004)
120.514,82.87,2.28,Herrle_et_al._(2004)
120.546,82.23,2.28,Herrle_et_al._(2004)
120.606,81.03,2.28,Herrle_et_al._(2004)
120.65,80.16,2.28,Herrle_et_al._(2004)
121.57,61.75,2.28,Herrle_et_al._(2004)
89.844,437,2.27,Jarvis_et_al._(2006)
95.7,49.2,2.27,Jarvis_et_al._(2006)
96.002,40.11,2.27,Jarvis_et_al._(2006)
96.089,37.5,2.27,Jarvis_et_al._(2006)
96.254,32.62,2.27,Jarvis_et_al._(2006)
96.26,32.46,2.27,Jarvis_et_al._(2006)
100.721,81.41,2.27,Gale_et_al._(2011)
110.006,422.61,2.27,Gale_et_al._(2011)
111.336,287.95,2.27,Herrle_et_al._(2004)
111.368,286.57,2.27,Herrle_et_al._(2004)
116.448,159.05,2.27,Herrle_et_al._(2004)
120.748,78.2,2.27,Herrle_et_al._(2004)
128.959,58.57,2.27,Erba_et_al._(1999)
129.238,60.57,2.27,Erba_et_al._(1999)
133.296,105.42,2.27,Erba_et_al._(1999)
133.371,108.01,2.27,Erba_et_al._(1999)
91.719,110.5,2.26,Jarvis_et_al._(2006)
95.567,53.2,2.26,Jarvis_et_al._(2006)
96.027,39.34,2.26,Jarvis_et_al._(2006)
96.034,39.13,2.26,Jarvis_et_al._(2006)
96.045,38.81,2.26,Jarvis_et_al._(2006)
96.069,38.08,2.26,Jarvis_et_al._(2006)
96.075,37.9,2.26,Jarvis_et_al._(2006)
96.094,37.35,2.26,Jarvis_et_al._(2006)
96.226,33.37,2.26,Jarvis_et_al._(2006)
96.229,33.28,2.26,Jarvis_et_al._(2006)
96.23,33.25,2.26,Jarvis_et_al._(2006)
96.257,32.54,2.26,Jarvis_et_al._(2006)
109.797,413.57,2.26,Gale_et_al._(2011)
110.752,454.77,2.26,Herrle_et_al._(2004)
112.259,248.42,2.26,Herrle_et_al._(2004)
117.378,143.49,2.26,Herrle_et_al._(2004)
128.981,58.73,2.26,Erba_et_al._(1999)
133.3,105.57,2.26,Erba_et_al._(1999)
89.858,437.9,2.25,Jarvis_et_al._(2006)
90.185,459.9,2.25,Jarvis_et_al._(2006)
95.999,40.21,2.25,Jarvis_et_al._(2006)
96.037,39.05,2.25,Jarvis_et_al._(2006)
96.048,38.73,2.25,Jarvis_et_al._(2006)
96.233,33.18,2.25,Jarvis_et_al._(2006)
105.895,272.36,2.25,Gale_et_al._(2011)
111.341,287.75,2.25,Herrle_et_al._(2004)
111.486,281.52,2.25,Herrle_et_al._(2004)
120.566,81.83,2.25,Herrle_et_al._(2004)
133.287,105.12,2.25,Erba_et_al._(1999)
133.382,108.39,2.25,Erba_et_al._(1999)
90.215,461.9,2.24,Jarvis_et_al._(2006)
91.543,115.4,2.24,Jarvis_et_al._(2006)
95.411,57.83,2.24,Jarvis_et_al._(2006)
95.996,40.28,2.24,Jarvis_et_al._(2006)
96.005,40.03,2.24,Jarvis_et_al._(2006)
96.024,39.45,2.24,Jarvis_et_al._(2006)
96.04,38.97,2.24,Jarvis_et_al._(2006)
103.13,239.7,2.24,Gale_et_al._(2011)
107.249,298.24,2.24,Gale_et_al._(2011)
112.393,242.69,2.24,Herrle_et_al._(2004)
112.416,241.72,2.24,Herrle_et_al._(2004)
120.509,82.97,2.24,Herrle_et_al._(2004)
120.586,81.43,2.24,Herrle_et_al._(2004)
120.711,78.94,2.24,Herrle_et_al._(2004)
120.875,75.65,2.24,Herrle_et_al._(2004)
129.59,63.09,2.24,Erba_et_al._(1999)
133.282,104.94,2.24,Erba_et_al._(1999)
133.329,106.57,2.24,Erba_et_al._(1999)
133.396,108.88,2.24,Erba_et_al._(1999)
133.564,114.63,2.24,Erba_et_al._(1999)
96.007,39.95,2.23,Jarvis_et_al._(2006)
100.985,112.31,2.23,Gale_et_al._(2011)
111.37,286.5,2.23,Herrle_et_al._(2004)
114.616,189.68,2.23,Herrle_et_al._(2004)
120.536,82.43,2.23,Herrle_et_al._(2004)
120.561,81.93,2.23,Herrle_et_al._(2004)
120.611,80.93,2.23,Herrle_et_al._(2004)
120.616,80.83,2.23,Herrle_et_al._(2004)
120.667,79.81,2.23,Herrle_et_al._(2004)
125.096,23.56,2.23,Erba_et_al._(1999)
95.436,57.2,2.22,Jarvis_et_al._(2006)
95.633,51.2,2.22,Jarvis_et_al._(2006)
95.994,40.34,2.22,Jarvis_et_al._(2006)
96.001,40.13,2.22,Jarvis_et_al._(2006)
100.91,101.51,2.22,Gale_et_al._(2011)
101.172,139.2,2.22,Gale_et_al._(2011)
116.326,161.08,2.22,Herrle_et_al._(2004)
120.68,79.56,2.22,Herrle_et_al._(2004)
133.317,106.16,2.22,Erba_et_al._(1999)
133.39,108.66,2.22,Erba_et_al._(1999)
133.482,111.82,2.22,Erba_et_al._(1999)
96.008,39.93,2.21,Jarvis_et_al._(2006)
96.302,31.33,2.21,Jarvis_et_al._(2006)
99.548,9.2,2.21,Jarvis_et_al._(2006)
100.185,5.25,2.21,Jarvis_et_al._(2006)
110.041,424.12,2.21,Gale_et_al._(2011)
111.581,277.47,2.21,Herrle_et_al._(2004)
116.525,157.75,2.21,Herrle_et_al._(2004)
120.476,83.64,2.21,Herrle_et_al._(2004)
120.504,83.07,2.21,Herrle_et_al._(2004)
120.576,81.63,2.21,Herrle_et_al._(2004)
121.765,57.85,2.21,Herrle_et_al._(2004)
122.155,50.05,2.21,Herrle_et_al._(2004)
129.793,64.54,2.21,Erba_et_al._(1999)
133.531,113.52,2.21,Erba_et_al._(1999)
95.666,50.2,2.2,Jarvis_et_al._(2006)
96.01,39.88,2.2,Jarvis_et_al._(2006)
96.053,38.58,2.2,Jarvis_et_al._(2006)
96.058,38.41,2.2,Jarvis_et_al._(2006)
96.061,38.33,2.2,Jarvis_et_al._(2006)
96.064,38.25,2.2,Jarvis_et_al._(2006)
96.072,37.99,2.2,Jarvis_et_al._(2006)
96.251,32.68,2.2,Jarvis_et_al._(2006)
96.304,31.26,2.2,Jarvis_et_al._(2006)
100.21,5.1,2.2,Jarvis_et_al._(2006)
101.191,141.96,2.2,Gale_et_al._(2011)
111.301,289.47,2.2,Herrle_et_al._(2004)
112.42,241.54,2.2,Herrle_et_al._(2004)
120.862,75.92,2.2,Herrle_et_al._(2004)
121.12,70.75,2.2,Herrle_et_al._(2004)
121.52,62.75,2.2,Herrle_et_al._(2004)
132.744,86.13,2.2,Erba_et_al._(1999)
132.839,89.53,2.2,Erba_et_al._(1999)
133.544,113.94,2.2,Erba_et_al._(1999)
133.551,114.2,2.2,Erba_et_al._(1999)
91.184,125.4,2.19,Jarvis_et_al._(2006)
95.418,57.5,2.19,Jarvis_et_al._(2006)
95.959,41.4,2.19,Jarvis_et_al._(2006)
95.987,40.57,2.19,Jarvis_et_al._(2006)
95.996,40.29,2.19,Jarvis_et_al._(2006)
96.305,31.24,2.19,Jarvis_et_al._(2006)
110.158,429.15,2.19,Gale_et_al._(2011)
120.487,83.42,2.19,Herrle_et_al._(2004)
124.981,23.01,2.19,Erba_et_al._(1999)
132.938,93.06,2.19,Erba_et_al._(1999)
133.432,110.09,2.19,Erba_et_al._(1999)
89.828,435.9,2.18,Jarvis_et_al._(2006)
89.902,440.9,2.18,Jarvis_et_al._(2006)
91.363,120.4,2.18,Jarvis_et_al._(2006)
95.976,40.88,2.18,Jarvis_et_al._(2006)
95.98,40.77,2.18,Jarvis_et_al._(2006)
95.981,40.73,2.18,Jarvis_et_al._(2006)
95.983,40.67,2.18,Jarvis_et_al._(2006)
95.993,40.37,2.18,Jarvis_et_al._(2006)
96.051,38.64,2.18,Jarvis_et_al._(2006)
111.292,289.85,2.18,Herrle_et_al._(2004)
112.119,254.42,2.18,Herrle_et_al._(2004)
112.189,251.42,2.18,Herrle_et_al._(2004)
112.411,241.92,2.18,Herrle_et_al._(2004)
115.717,171.27,2.18,Herrle_et_al._(2004)
116.758,153.86,2.18,Herrle_et_al._(2004)
128.65,56.36,2.18,Erba_et_al._(1999)
128.723,56.88,2.18,Erba_et_al._(1999)
129.138,59.85,2.18,Erba_et_al._(1999)
133.516,113.01,2.18,Erba_et_al._(1999)
133.571,114.89,2.18,Erba_et_al._(1999)
95.863,44.3,2.17,Jarvis_et_al._(2006)
95.979,40.81,2.17,Jarvis_et_al._(2006)
96.021,39.53,2.17,Jarvis_et_al._(2006)
96.066,38.17,2.17,Jarvis_et_al._(2006)
100.927,104.02,2.17,Gale_et_al._(2011)
108.23,345.98,2.17,Gale_et_al._(2011)
109.779,412.81,2.17,Gale_et_al._(2011)
119.47,103.75,2.17,Herrle_et_al._(2004)
120.48,83.56,2.17,Herrle_et_al._(2004)
132.792,87.86,2.17,Erba_et_al._(1999)
132.809,88.47,2.17,Erba_et_al._(1999)
89.783,432.9,2.16,Jarvis_et_al._(2006)
89.887,439.9,2.16,Jarvis_et_al._(2006)
91.579,114.4,2.16,Jarvis_et_al._(2006)
95.99,40.48,2.16,Jarvis_et_al._(2006)
96.01,39.86,2.16,Jarvis_et_al._(2006)
96.311,31.09,2.16,Jarvis_et_al._(2006)
101.122,131.91,2.16,Gale_et_al._(2011)
107.185,294.47,2.16,Gale_et_al._(2011)
109.971,421.11,2.16,Gale_et_al._(2011)
110.385,438.94,2.16,Gale_et_al._(2011)
110.827,458.04,2.16,Herrle_et_al._(2004)
114.677,188.65,2.16,Herrle_et_al._(2004)
120.391,85.34,2.16,Herrle_et_al._(2004)
124.916,22.7,2.16,Erba_et_al._(1999)
132.78,87.42,2.16,Erba_et_al._(1999)
132.815,88.67,2.16,Erba_et_al._(1999)
91.223,124.3,2.15,Jarvis_et_al._(2006)
95.984,40.64,2.15,Jarvis_et_al._(2006)
95.992,40.4,2.15,Jarvis_et_al._(2006)
96.012,39.81,2.15,Jarvis_et_al._(2006)
96.317,30.92,2.15,Jarvis_et_al._(2006)
100.759,85.43,2.15,Gale_et_al._(2011)
100.818,91.71,2.15,Gale_et_al._(2011)
110.484,443.22,2.15,Gale_et_al._(2011)
110.88,460.3,2.15,Herrle_et_al._(2004)
112.423,241.4,2.15,Herrle_et_al._(2004)
114.875,185.34,2.15,Herrle_et_al._(2004)
120.381,85.54,2.15,Herrle_et_al._(2004)
120.653,80.1,2.15,Herrle_et_al._(2004)
128.797,57.41,2.15,Erba_et_al._(1999)
132.692,84.28,2.15,Erba_et_al._(1999)
133.409,109.32,2.15,Erba_et_al._(1999)
90.244,463.9,2.14,Jarvis_et_al._(2006)
91.256,123.4,2.14,Jarvis_et_al._(2006)
95.829,45.3,2.14,Jarvis_et_al._(2006)
95.989,40.49,2.14,Jarvis_et_al._(2006)
96.015,39.71,2.14,Jarvis_et_al._(2006)
96.309,31.15,2.14,Jarvis_et_al._(2006)
100.458,53.52,2.14,Gale_et_al._(2011)
107.488,312.31,2.14,Gale_et_al._(2011)
110.577,447.24,2.14,Gale_et_al._(2011)
111.36,286.95,2.14,Herrle_et_al._(2004)
111.51,280.52,2.14,Herrle_et_al._(2004)
120.396,85.24,2.14,Herrle_et_al._(2004)
120.892,75.31,2.14,Herrle_et_al._(2004)
132.721,85.33,2.14,Erba_et_al._(1999)
132.758,86.65,2.14,Erba_et_al._(1999)
132.908,91.97,2.14,Erba_et_al._(1999)
91.076,128.4,2.13,Jarvis_et_al._(2006)
91.327,121.4,2.13,Jarvis_et_al._(2006)
91.399,119.4,2.13,Jarvis_et_al._(2006)
91.511,116.3,2.13,Jarvis_et_al._(2006)
95.896,43.3,2.13,Jarvis_et_al._(2006)
96.319,30.86,2.13,Jarvis_et_al._(2006)
100.532,61.31,2.13,Gale_et_al._(2011)
100.742,83.67,2.13,Gale_et_al._(2011)
100.853,95.48,2.13,Gale_et_al._(2011)
110.955,463.57,2.13,Herrle_et_al._(2004)
111.283,290.24,2.13,Herrle_et_al._(2004)
112.39,242.82,2.13,Herrle_et_al._(2004)
132.77,87.08,2.13,Erba_et_al._(1999)
133,95.26,2.13,Erba_et_al._(1999)
133.015,95.76,2.13,Erba_et_al._(1999)
133.266,104.41,2.13,Erba_et_al._(1999)
133.459,111.02,2.13,Erba_et_al._(1999)
91.439,118.3,2.12,Jarvis_et_al._(2006)
95.799,46.2,2.12,Jarvis_et_al._(2006)
100.567,65.08,2.12,Gale_et_al._(2011)
100.591,67.59,2.12,Gale_et_al._(2011)
103.856,252.76,2.12,Gale_et_al._(2011)
111.066,468.34,2.12,Herrle_et_al._(2004)
112.402,242.32,2.12,Herrle_et_al._(2004)
116.392,159.97,2.12,Herrle_et_al._(2004)
120.482,83.52,2.12,Herrle_et_al._(2004)
120.581,81.53,2.12,Herrle_et_al._(2004)
132.712,85.01,2.12,Erba_et_al._(1999)
132.751,86.38,2.12,Erba_et_al._(1999)
132.925,92.6,2.12,Erba_et_al._(1999)
133.009,95.58,2.12,Erba_et_al._(1999)
133.24,103.5,2.12,Erba_et_al._(1999)
90.261,465,2.11,Jarvis_et_al._(2006)
95.733,48.2,2.11,Jarvis_et_al._(2006)
96.324,30.74,2.11,Jarvis_et_al._(2006)
104.429,258.79,2.11,Gale_et_al._(2011)
107.518,314.07,2.11,Gale_et_al._(2011)
110.833,458.29,2.11,Herrle_et_al._(2004)
111.667,273.78,2.11,Herrle_et_al._(2004)
118.07,131.75,2.11,Herrle_et_al._(2004)
118.32,126.75,2.11,Herrle_et_al._(2004)
121.07,71.75,2.11,Herrle_et_al._(2004)
129.821,64.74,2.11,Erba_et_al._(1999)
132.731,85.68,2.11,Erba_et_al._(1999)
132.855,90.1,2.11,Erba_et_al._(1999)
100.515,59.55,2.1,Gale_et_al._(2011)
100.938,105.53,2.1,Gale_et_al._(2011)
101.025,118.09,2.1,Gale_et_al._(2011)
101.153,136.43,2.1,Gale_et_al._(2011)
103.994,254.77,2.1,Gale_et_al._(2011)
108.021,336.93,2.1,Gale_et_al._(2011)
133.117,99.29,2.1,Erba_et_al._(1999)
89.788,433.2,2.09,Jarvis_et_al._(2006)
90.229,462.9,2.09,Jarvis_et_al._(2006)
90.274,465.9,2.09,Jarvis_et_al._(2006)
96.341,30.29,2.09,Jarvis_et_al._(2006)
107.142,291.96,2.09,Gale_et_al._(2011)
110.257,433.42,2.09,Gale_et_al._(2011)
112.213,250.42,2.09,Herrle_et_al._(2004)
112.443,240.57,2.09,Herrle_et_al._(2004)
118.42,124.75,2.09,Herrle_et_al._(2004)
120.22,88.75,2.09,Herrle_et_al._(2004)
133.187,101.7,2.09,Erba_et_al._(1999)
133.231,103.21,2.09,Erba_et_al._(1999)
133.275,104.7,2.09,Erba_et_al._(1999)
100.401,47.49,2.08,Gale_et_al._(2011)
106.302,276.13,2.08,Gale_et_al._(2011)
107.215,296.23,2.08,Gale_et_al._(2011)
111.066,468.35,2.08,Herrle_et_al._(2004)
111.101,469.85,2.08,Herrle_et_al._(2004)
111.277,290.47,2.08,Herrle_et_al._(2004)
133.17,101.09,2.08,Erba_et_al._(1999)
133.495,112.26,2.08,Erba_et_al._(1999)
90.29,467,2.07,Jarvis_et_al._(2006)
91.471,117.4,2.07,Jarvis_et_al._(2006)
96.313,31.02,2.07,Jarvis_et_al._(2006)
101.137,134.17,2.07,Gale_et_al._(2011)
102.481,216.58,2.07,Gale_et_al._(2011)
111.906,263.53,2.07,Herrle_et_al._(2004)
119.57,101.75,2.07,Herrle_et_al._(2004)
120.658,80,2.07,Herrle_et_al._(2004)
132.898,91.63,2.07,Erba_et_al._(1999)
133.143,100.18,2.07,Erba_et_al._(1999)
133.15,100.42,2.07,Erba_et_al._(1999)
133.257,104.08,2.07,Erba_et_al._(1999)
89.798,433.9,2.06,Jarvis_et_al._(2006)
90.304,467.9,2.06,Jarvis_et_al._(2006)
96.329,30.61,2.06,Jarvis_et_al._(2006)
96.329,30.6,2.06,Jarvis_et_al._(2006)
96.467,29.25,2.06,Jarvis_et_al._(2006)
100.161,5.4,2.06,Jarvis_et_al._(2006)
100.796,89.45,2.06,Gale_et_al._(2011)
101.258,151.51,2.06,Gale_et_al._(2011)
101.303,158.04,2.06,Gale_et_al._(2011)
108.056,338.44,2.06,Gale_et_al._(2011)
111.43,283.92,2.06,Herrle_et_al._(2004)
111.649,274.55,2.06,Herrle_et_al._(2004)
112.426,241.3,2.06,Herrle_et_al._(2004)
119.62,100.75,2.06,Herrle_et_al._(2004)
132.734,85.79,2.06,Erba_et_al._(1999)
132.951,93.51,2.06,Erba_et_al._(1999)
133.095,98.51,2.06,Erba_et_al._(1999)
89.813,434.9,2.05,Jarvis_et_al._(2006)
96.332,30.52,2.05,Jarvis_et_al._(2006)
96.638,28.1,2.05,Jarvis_et_al._(2006)
96.839,26.75,2.05,Jarvis_et_al._(2006)
96.861,26.6,2.05,Jarvis_et_al._(2006)
98.484,15.8,2.05,Jarvis_et_al._(2006)
100.226,5,2.05,Jarvis_et_al._(2006)
100.477,55.53,2.05,Gale_et_al._(2011)
100.778,87.44,2.05,Gale_et_al._(2011)
100.997,114.07,2.05,Gale_et_al._(2011)
132.875,90.81,2.05,Erba_et_al._(1999)
96.339,30.34,2.04,Jarvis_et_al._(2006)
100.498,57.79,2.04,Gale_et_al._(2011)
100.834,93.47,2.04,Gale_et_al._(2011)
107.356,304.52,2.04,Gale_et_al._(2011)
120.468,83.79,2.04,Herrle_et_al._(2004)
124.95,22.86,2.04,Erba_et_al._(1999)
132.703,84.69,2.04,Erba_et_al._(1999)
132.984,94.69,2.04,Erba_et_al._(1999)
133.072,97.72,2.04,Erba_et_al._(1999)
96.314,31,2.03,Jarvis_et_al._(2006)
96.326,30.69,2.03,Jarvis_et_al._(2006)
96.335,30.45,2.03,Jarvis_et_al._(2006)
96.43,29.5,2.03,Jarvis_et_al._(2006)
99.5,9.5,2.03,Jarvis_et_al._(2006)
100.893,99.75,2.03,Gale_et_al._(2011)
101.053,122.11,2.03,Gale_et_al._(2011)
118.87,115.75,2.03,Herrle_et_al._(2004)
120.12,90.75,2.03,Herrle_et_al._(2004)
120.541,82.33,2.03,Herrle_et_al._(2004)
96.32,30.83,2.02,Jarvis_et_al._(2006)
96.323,30.76,2.02,Jarvis_et_al._(2006)
100.867,96.98,2.02,Gale_et_al._(2011)
101.272,153.52,2.02,Gale_et_al._(2011)
101.286,155.53,2.02,Gale_et_al._(2011)
107.42,308.29,2.02,Gale_et_al._(2011)
107.899,331.66,2.02,Gale_et_al._(2011)
118.82,116.75,2.02,Herrle_et_al._(2004)
129.679,63.73,2.02,Erba_et_al._(1999)
133.051,97.02,2.02,Erba_et_al._(1999)
133.106,98.91,2.02,Erba_et_al._(1999)
89.776,432.4,2.01,Jarvis_et_al._(2006)
100.378,44.97,2.01,Gale_et_al._(2011)
100.968,109.8,2.01,Gale_et_al._(2011)
101.326,161.31,2.01,Gale_et_al._(2011)
103.214,241.21,2.01,Gale_et_al._(2011)
106.546,278.39,2.01,Gale_et_al._(2011)
109.948,420.1,2.01,Gale_et_al._(2011)
110.985,464.82,2.01,Herrle_et_al._(2004)
111.378,286.15,2.01,Herrle_et_al._(2004)
130.661,70.6,2.01,Erba_et_al._(1999)
132.679,83.81,2.01,Erba_et_al._(1999)
97.054,25.3,2,Jarvis_et_al._(2006)
110.199,430.9,2,Gale_et_al._(2011)
110.257,433.43,2,Gale_et_al._(2011)
112.428,241.2,2,Herrle_et_al._(2004)
132.661,83.18,2,Erba_et_al._(1999)
132.687,84.11,2,Erba_et_al._(1999)
133.066,97.53,2,Erba_et_al._(1999)
133.08,98.02,2,Erba_et_al._(1999)
99.597,8.9,1.99,Jarvis_et_al._(2006)
108.492,357.29,1.99,Gale_et_al._(2011)
111.374,286.35,1.99,Herrle_et_al._(2004)
115.229,179.42,1.99,Herrle_et_al._(2004)
120.376,85.64,1.99,Herrle_et_al._(2004)
120.472,83.72,1.99,Herrle_et_al._(2004)
129.758,64.29,1.99,Erba_et_al._(1999)
130.258,67.87,1.99,Erba_et_al._(1999)
132.653,82.91,1.99,Erba_et_al._(1999)
132.669,83.46,1.99,Erba_et_al._(1999)
133.045,96.82,1.99,Erba_et_al._(1999)
133.09,98.37,1.99,Erba_et_al._(1999)
133.445,110.55,1.99,Erba_et_al._(1999)
89.779,432.6,1.98,Jarvis_et_al._(2006)
96.336,30.42,1.98,Jarvis_et_al._(2006)
97.336,23.4,1.98,Jarvis_et_al._(2006)
97.492,22.35,1.98,Jarvis_et_al._(2006)
100.607,69.35,1.98,Gale_et_al._(2011)
102.883,230.9,1.98,Gale_et_al._(2011)
107.556,316.33,1.98,Gale_et_al._(2011)
108.557,360.05,1.98,Gale_et_al._(2011)
109.75,411.56,1.98,Gale_et_al._(2011)
110.856,459.3,1.98,Herrle_et_al._(2004)
111.277,290.5,1.98,Herrle_et_al._(2004)
114.435,192.71,1.98,Herrle_et_al._(2004)
115.008,183.12,1.98,Herrle_et_al._(2004)
119.17,109.75,1.98,Herrle_et_al._(2004)
120.27,87.75,1.98,Herrle_et_al._(2004)
120.451,84.13,1.98,Herrle_et_al._(2004)
90.334,469.9,1.97,Jarvis_et_al._(2006)
96.347,30.11,1.97,Jarvis_et_al._(2006)
99.492,9.55,1.97,Jarvis_et_al._(2006)
100.442,51.76,1.97,Gale_et_al._(2011)
109.535,402.26,1.97,Gale_et_al._(2011)
125.019,23.19,1.97,Erba_et_al._(1999)
132.648,82.71,1.97,Erba_et_al._(1999)
132.984,94.7,1.97,Erba_et_al._(1999)
96.343,30.22,1.96,Jarvis_et_al._(2006)
96.512,28.95,1.96,Jarvis_et_al._(2006)
96.913,26.25,1.96,Jarvis_et_al._(2006)
97.515,22.2,1.96,Jarvis_et_al._(2006)
101.233,147.99,1.96,Gale_et_al._(2011)
101.889,195.48,1.96,Gale_et_al._(2011)
110.525,444.97,1.96,Gale_et_al._(2011)
111.744,270.47,1.96,Herrle_et_al._(2004)
117.422,142.75,1.96,Herrle_et_al._(2004)
120.422,84.72,1.96,Herrle_et_al._(2004)
130.29,68.1,1.96,Erba_et_al._(1999)
132.645,82.6,1.96,Erba_et_al._(1999)
89.77,432,1.95,Jarvis_et_al._(2006)
96.779,27.15,1.95,Jarvis_et_al._(2006)
97.255,23.95,1.95,Jarvis_et_al._(2006)
97.359,23.25,1.95,Jarvis_et_al._(2006)
97.411,22.9,1.95,Jarvis_et_al._(2006)
97.463,22.55,1.95,Jarvis_et_al._(2006)
98.46,15.95,1.95,Jarvis_et_al._(2006)
101.667,186.68,1.95,Gale_et_al._(2011)
110.728,453.77,1.95,Herrle_et_al._(2004)
111.284,290.16,1.95,Herrle_et_al._(2004)
111.367,286.65,1.95,Herrle_et_al._(2004)
111.595,276.87,1.95,Herrle_et_al._(2004)
112.437,240.82,1.95,Herrle_et_al._(2004)
118.37,125.75,1.95,Herrle_et_al._(2004)
119.32,106.75,1.95,Herrle_et_al._(2004)
120.07,91.75,1.95,Herrle_et_al._(2004)
120.463,83.89,1.95,Herrle_et_al._(2004)
97.166,24.55,1.94,Jarvis_et_al._(2006)
99,12.6,1.94,Jarvis_et_al._(2006)
99.468,9.7,1.94,Jarvis_et_al._(2006)
101.01,115.83,1.94,Gale_et_al._(2011)
101.095,128.14,1.94,Gale_et_al._(2011)
101.776,191.46,1.94,Gale_et_al._(2011)
102.376,212.81,1.94,Gale_et_al._(2011)
105.677,270.35,1.94,Gale_et_al._(2011)
107.968,334.67,1.94,Gale_et_al._(2011)
118.62,120.75,1.94,Herrle_et_al._(2004)
127.751,46,1.94,Erba_et_al._(1999)
130.201,67.46,1.94,Erba_et_al._(1999)
130.361,68.61,1.94,Erba_et_al._(1999)
132.634,82.24,1.94,Erba_et_al._(1999)
96.35,30.04,1.93,Jarvis_et_al._(2006)
96.705,27.65,1.93,Jarvis_et_al._(2006)
96.98,25.8,1.93,Jarvis_et_al._(2006)
97.121,24.85,1.93,Jarvis_et_al._(2006)
97.381,23.1,1.93,Jarvis_et_al._(2006)
100.423,49.75,1.93,Gale_et_al._(2011)
104.212,256.78,1.93,Gale_et_al._(2011)
110.134,428.14,1.93,Gale_et_al._(2011)
112.434,240.92,1.93,Herrle_et_al._(2004)
112.444,240.52,1.93,Herrle_et_al._(2004)
120.412,84.92,1.93,Herrle_et_al._(2004)
130.173,67.26,1.93,Erba_et_al._(1999)
130.681,70.69,1.93,Erba_et_al._(1999)
132.626,81.92,1.93,Erba_et_al._(1999)
96.363,29.95,1.92,Jarvis_et_al._(2006)
96.401,29.7,1.92,Jarvis_et_al._(2006)
96.75,27.35,1.92,Jarvis_et_al._(2006)
97.069,25.2,1.92,Jarvis_et_al._(2006)
102.312,210.55,1.92,Gale_et_al._(2011)
107.73,324.37,1.92,Gale_et_al._(2011)
109.907,418.34,1.92,Gale_et_al._(2011)
110.059,424.87,1.92,Gale_et_al._(2011)
110.181,430.15,1.92,Gale_et_al._(2011)
110.414,440.2,1.92,Gale_et_al._(2011)
112.43,241.12,1.92,Herrle_et_al._(2004)
120.417,84.82,1.92,Herrle_et_al._(2004)
90.889,133.6,1.91,Jarvis_et_al._(2006)
91.036,129.5,1.91,Jarvis_et_al._(2006)
97.44,22.7,1.91,Jarvis_et_al._(2006)
99.452,9.8,1.91,Jarvis_et_al._(2006)
99.573,9.05,1.91,Jarvis_et_al._(2006)
102.051,201.26,1.91,Gale_et_al._(2011)
103.647,249,1.91,Gale_et_al._(2011)
109.616,405.78,1.91,Gale_et_al._(2011)
110.286,434.67,1.91,Gale_et_al._(2011)
111.883,264.52,1.91,Herrle_et_al._(2004)
120.294,87.28,1.91,Herrle_et_al._(2004)
120.334,86.48,1.91,Herrle_et_al._(2004)
120.44,84.35,1.91,Herrle_et_al._(2004)
120.445,84.25,1.91,Herrle_et_al._(2004)
120.461,83.93,1.91,Herrle_et_al._(2004)
130.628,70.45,1.91,Erba_et_al._(1999)
132.596,80.88,1.91,Erba_et_al._(1999)
96.594,28.4,1.9,Jarvis_et_al._(2006)
97.024,25.5,1.9,Jarvis_et_al._(2006)
98.411,16.25,1.9,Jarvis_et_al._(2006)
102.94,232.91,1.9,Gale_et_al._(2011)
107.014,284.42,1.9,Gale_et_al._(2011)
129.889,65.23,1.9,Erba_et_al._(1999)
90.551,143,1.89,Jarvis_et_al._(2006)
90.716,138.4,1.89,Jarvis_et_al._(2006)
96.344,30.19,1.89,Jarvis_et_al._(2006)
97.671,21.15,1.89,Jarvis_et_al._(2006)
97.737,20.7,1.89,Jarvis_et_al._(2006)
98.087,18.35,1.89,Jarvis_et_al._(2006)
105.46,268.34,1.89,Gale_et_al._(2011)
108.906,375.13,1.89,Gale_et_al._(2011)
119.37,105.75,1.89,Herrle_et_al._(2004)
120.17,89.75,1.89,Herrle_et_al._(2004)
132.566,79.8,1.89,Erba_et_al._(1999)
132.599,80.98,1.89,Erba_et_al._(1999)
96.958,25.95,1.88,Jarvis_et_al._(2006)
98.176,17.75,1.88,Jarvis_et_al._(2006)
99.427,9.95,1.88,Jarvis_et_al._(2006)
101.109,130.15,1.88,Gale_et_al._(2011)
102.249,208.29,1.88,Gale_et_al._(2011)
108.149,342.46,1.88,Gale_et_al._(2011)
108.603,362.06,1.88,Gale_et_al._(2011)
109.599,405.03,1.88,Gale_et_al._(2011)
114.953,184.05,1.88,Herrle_et_al._(2004)
120.361,85.94,1.88,Herrle_et_al._(2004)
129.916,65.42,1.88,Erba_et_al._(1999)
130.238,67.73,1.88,Erba_et_al._(1999)
132.558,79.52,1.88,Erba_et_al._(1999)
99.419,10,1.87,Jarvis_et_al._(2006)
102.164,205.28,1.87,Gale_et_al._(2011)
112.433,240.97,1.87,Herrle_et_al._(2004)
112.436,240.87,1.87,Herrle_et_al._(2004)
112.438,240.77,1.87,Herrle_et_al._(2004)
118.12,130.75,1.87,Herrle_et_al._(2004)
120.02,92.75,1.87,Herrle_et_al._(2004)
120.299,87.18,1.87,Herrle_et_al._(2004)
132.573,80.06,1.87,Erba_et_al._(1999)
132.579,80.27,1.87,Erba_et_al._(1999)
132.617,81.63,1.87,Erba_et_al._(1999)
97.53,22.1,1.86,Jarvis_et_al._(2006)
97.611,21.55,1.86,Jarvis_et_al._(2006)
98.02,18.8,1.86,Jarvis_et_al._(2006)
98.758,14.1,1.86,Jarvis_et_al._(2006)
107.462,310.8,1.86,Gale_et_al._(2011)
110.356,437.69,1.86,Gale_et_al._(2011)
111.364,286.75,1.86,Herrle_et_al._(2004)
111.531,279.62,1.86,Herrle_et_al._(2004)
112.432,241.02,1.86,Herrle_et_al._(2004)
120.366,85.84,1.86,Herrle_et_al._(2004)
120.434,84.48,1.86,Herrle_et_al._(2004)
130.421,69.04,1.86,Erba_et_al._(1999)
132.55,79.23,1.86,Erba_et_al._(1999)
132.583,80.42,1.86,Erba_et_al._(1999)
90.763,137.1,1.85,Jarvis_et_al._(2006)
96.342,30.26,1.85,Jarvis_et_al._(2006)
97.582,21.75,1.85,Jarvis_et_al._(2006)
97.782,20.4,1.85,Jarvis_et_al._(2006)
98.25,17.25,1.85,Jarvis_et_al._(2006)
99.524,9.35,1.85,Jarvis_et_al._(2006)
100.129,5.6,1.85,Jarvis_et_al._(2006)
100.55,63.32,1.85,Gale_et_al._(2011)
100.626,71.36,1.85,Gale_et_al._(2011)
107.27,299.5,1.85,Gale_et_al._(2011)
108.714,366.83,1.85,Gale_et_al._(2011)
110.688,452.01,1.85,Herrle_et_al._(2004)
119.92,94.75,1.85,Herrle_et_al._(2004)
120.371,85.74,1.85,Herrle_et_al._(2004)
120.407,85.02,1.85,Herrle_et_al._(2004)
129.977,65.86,1.85,Erba_et_al._(1999)
130.093,66.69,1.85,Erba_et_al._(1999)
130.388,68.8,1.85,Erba_et_al._(1999)
130.839,71.41,1.85,Erba_et_al._(1999)
132.607,81.26,1.85,Erba_et_al._(1999)
90.86,134.4,1.84,Jarvis_et_al._(2006)
91,130.5,1.84,Jarvis_et_al._(2006)
96.497,29.05,1.84,Jarvis_et_al._(2006)
98.532,15.5,1.84,Jarvis_et_al._(2006)
103.312,242.96,1.84,Gale_et_al._(2011)
108.586,361.31,1.84,Gale_et_al._(2011)
111.136,471.36,1.84,Herrle_et_al._(2004)
111.929,262.57,1.84,Herrle_et_al._(2004)
120.426,84.64,1.84,Herrle_et_al._(2004)
130.462,69.33,1.84,Erba_et_al._(1999)
130.494,69.56,1.84,Erba_et_al._(1999)
97.552,21.95,1.83,Jarvis_et_al._(2006)
97.849,19.95,1.83,Jarvis_et_al._(2006)
97.923,19.45,1.83,Jarvis_et_al._(2006)
99.677,8.4,1.83,Jarvis_et_al._(2006)
101.628,184.67,1.83,Gale_et_al._(2011)
102.594,220.6,1.83,Gale_et_al._(2011)
103.745,250.75,1.83,Gale_et_al._(2011)
112.44,240.67,1.83,Herrle_et_al._(2004)
118.92,114.75,1.83,Herrle_et_al._(2004)
120.356,86.04,1.83,Herrle_et_al._(2004)
120.43,84.56,1.83,Herrle_et_al._(2004)
130.135,66.99,1.83,Erba_et_al._(1999)
130.525,69.78,1.83,Erba_et_al._(1999)
98.508,15.65,1.82,Jarvis_et_al._(2006)
101.72,189.45,1.82,Gale_et_al._(2011)
104.782,262.06,1.82,Gale_et_al._(2011)
108.522,358.54,1.82,Gale_et_al._(2011)
109.936,419.6,1.82,Gale_et_al._(2011)
111.089,469.35,1.82,Herrle_et_al._(2004)
111.275,290.56,1.82,Herrle_et_al._(2004)
130.95,71.92,1.82,Erba_et_al._(1999)
98.331,16.75,1.81,Jarvis_et_al._(2006)
99.403,10.1,1.81,Jarvis_et_al._(2006)
99.71,8.2,1.81,Jarvis_et_al._(2006)
99.75,7.95,1.81,Jarvis_et_al._(2006)
100.707,79.9,1.81,Gale_et_al._(2011)
102.996,234.92,1.81,Gale_et_al._(2011)
107.823,328.39,1.81,Gale_et_al._(2011)
110.309,435.68,1.81,Gale_et_al._(2011)
112.439,240.72,1.81,Herrle_et_al._(2004)
118.72,118.75,1.81,Herrle_et_al._(2004)
120.402,85.12,1.81,Herrle_et_al._(2004)
125.081,23.49,1.81,Erba_et_al._(1999)
130.795,71.21,1.81,Erba_et_al._(1999)
96.378,29.85,1.8,Jarvis_et_al._(2006)
99.629,8.7,1.8,Jarvis_et_al._(2006)
109.686,408.79,1.8,Gale_et_al._(2011)
110.356,437.69,1.8,Gale_et_al._(2011)
118.02,132.75,1.8,Herrle_et_al._(2004)
118.97,113.75,1.8,Herrle_et_al._(2004)
120.329,86.58,1.8,Herrle_et_al._(2004)
130.065,66.49,1.8,Erba_et_al._(1999)
130.6,70.32,1.8,Erba_et_al._(1999)
131.532,74.58,1.8,Erba_et_al._(1999)
132.104,77.19,1.8,Erba_et_al._(1999)
132.591,80.69,1.8,Erba_et_al._(1999)
109.645,407.04,1.79,Gale_et_al._(2011)
111.287,290.07,1.79,Herrle_et_al._(2004)
111.696,272.52,1.79,Herrle_et_al._(2004)
120.304,87.08,1.79,Herrle_et_al._(2004)
120.456,84.03,1.79,Herrle_et_al._(2004)
130.734,70.93,1.79,Erba_et_al._(1999)
98.677,14.6,1.78,Jarvis_et_al._(2006)
101.497,177.89,1.78,Gale_et_al._(2011)
101.517,178.89,1.78,Gale_et_al._(2011)
102.531,218.34,1.78,Gale_et_al._(2011)
108.12,341.21,1.78,Gale_et_al._(2011)
111.953,261.52,1.78,Herrle_et_al._(2004)
129.73,64.09,1.78,Erba_et_al._(1999)
90.515,144,1.77,Jarvis_et_al._(2006)
90.849,134.7,1.77,Jarvis_et_al._(2006)
101.038,119.85,1.77,Gale_et_al._(2011)
108.428,354.52,1.77,Gale_et_al._(2011)
119.97,93.75,1.77,Herrle_et_al._(2004)
131.672,75.22,1.77,Erba_et_al._(1999)
132.342,78.28,1.77,Erba_et_al._(1999)
90.961,131.6,1.76,Jarvis_et_al._(2006)
98.605,15.05,1.76,Jarvis_et_al._(2006)
98.895,13.25,1.76,Jarvis_et_al._(2006)
101.081,126.13,1.76,Gale_et_al._(2011)
103.94,254.27,1.76,Gale_et_al._(2011)
107.677,322.11,1.76,Gale_et_al._(2011)
108.085,339.7,1.76,Gale_et_al._(2011)
108.329,350.25,1.76,Gale_et_al._(2011)
110.094,426.38,1.76,Gale_et_al._(2011)
132.408,78.58,1.76,Erba_et_al._(1999)
90.673,139.6,1.75,Jarvis_et_al._(2006)
97.648,21.3,1.75,Jarvis_et_al._(2006)
98.806,13.8,1.75,Jarvis_et_al._(2006)
100.097,5.8,1.75,Jarvis_et_al._(2006)
110.769,455.53,1.75,Herrle_et_al._(2004)
111.554,278.62,1.75,Herrle_et_al._(2004)
119.12,110.75,1.75,Herrle_et_al._(2004)
130.709,70.82,1.75,Erba_et_al._(1999)
131.04,72.33,1.75,Erba_et_al._(1999)
103.423,244.97,1.74,Gale_et_al._(2011)
104.999,264.07,1.74,Gale_et_al._(2011)
108.621,362.81,1.74,Gale_et_al._(2011)
110.525,444.98,1.74,Gale_et_al._(2011)
110.804,457.04,1.74,Herrle_et_al._(2004)
111.628,275.43,1.74,Herrle_et_al._(2004)
112.582,234.61,1.74,Herrle_et_al._(2004)
118.17,129.75,1.74,Herrle_et_al._(2004)
131.926,76.38,1.74,Erba_et_al._(1999)
132.141,77.36,1.74,Erba_et_al._(1999)
132.489,78.95,1.74,Erba_et_al._(1999)
90.921,132.7,1.73,Jarvis_et_al._(2006)
107.869,330.4,1.73,Gale_et_al._(2011)
108.743,368.09,1.73,Gale_et_al._(2011)
115.185,180.16,1.73,Herrle_et_al._(2004)
131.83,75.94,1.73,Erba_et_al._(1999)
132.055,76.97,1.73,Erba_et_al._(1999)
90.475,145.1,1.72,Jarvis_et_al._(2006)
90.59,141.9,1.72,Jarvis_et_al._(2006)
105.216,266.08,1.72,Gale_et_al._(2011)
106.98,282.41,1.72,Gale_et_al._(2011)
90.81,135.8,1.71,Jarvis_et_al._(2006)
101.163,137.94,1.71,Gale_et_al._(2011)
110.973,464.32,1.71,Herrle_et_al._(2004)
119.87,95.75,1.71,Herrle_et_al._(2004)
132.025,76.83,1.71,Erba_et_al._(1999)
98.742,14.2,1.7,Jarvis_et_al._(2006)
100.032,6.2,1.7,Jarvis_et_al._(2006)
102.813,228.39,1.7,Gale_et_al._(2011)
108.626,363.07,1.7,Gale_et_al._(2011)
120.324,86.68,1.7,Herrle_et_al._(2004)
131.729,75.48,1.7,Erba_et_al._(1999)
131.876,76.15,1.7,Erba_et_al._(1999)
132.16,77.45,1.7,Erba_et_al._(1999)
132.294,78.06,1.7,Erba_et_al._(1999)
90.403,147.1,1.69,Jarvis_et_al._(2006)
90.439,146.1,1.69,Jarvis_et_al._(2006)
98.863,13.45,1.69,Jarvis_et_al._(2006)
99.855,7.3,1.69,Jarvis_et_al._(2006)
132.233,77.78,1.69,Erba_et_al._(1999)
98.968,12.8,1.68,Jarvis_et_al._(2006)
100.326,39.45,1.68,Gale_et_al._(2011)
108.888,374.37,1.68,Gale_et_al._(2011)
131.228,73.19,1.68,Erba_et_al._(1999)
90.63,140.8,1.67,Jarvis_et_al._(2006)
99.895,7.05,1.67,Jarvis_et_al._(2006)
101.56,181.16,1.67,Gale_et_al._(2011)
119.82,96.75,1.67,Herrle_et_al._(2004)
131.248,73.28,1.67,Erba_et_al._(1999)
131.464,74.27,1.67,Erba_et_al._(1999)
132.32,78.18,1.67,Erba_et_al._(1999)
100,6.4,1.66,Jarvis_et_al._(2006)
101.372,167.84,1.66,Gale_et_al._(2011)
101.974,198.49,1.66,Gale_et_al._(2011)
107.648,320.85,1.66,Gale_et_al._(2011)
112.441,240.62,1.66,Herrle_et_al._(2004)
131.751,75.58,1.66,Erba_et_al._(1999)
108.487,357.04,1.65,Gale_et_al._(2011)
108.999,379.15,1.65,Gale_et_al._(2011)
109.564,403.52,1.65,Gale_et_al._(2011)
110.257,433.44,1.65,Gale_et_al._(2011)
112.431,241.07,1.65,Herrle_et_al._(2004)
118.77,117.75,1.65,Herrle_et_al._(2004)
119.02,112.75,1.65,Herrle_et_al._(2004)
131.075,72.49,1.65,Erba_et_al._(1999)
131.985,76.65,1.65,Erba_et_al._(1999)
90.335,149,1.64,Jarvis_et_al._(2006)
90.364,148.2,1.64,Jarvis_et_al._(2006)
99.79,7.7,1.64,Jarvis_et_al._(2006)
100.25,31.41,1.64,Gale_et_al._(2011)
102.77,226.88,1.64,Gale_et_al._(2011)
131.294,73.49,1.64,Erba_et_al._(1999)
131.416,74.05,1.64,Erba_et_al._(1999)
108.749,368.34,1.63,Gale_et_al._(2011)
118.52,122.75,1.63,Herrle_et_al._(2004)
120.351,86.14,1.63,Herrle_et_al._(2004)
130.586,70.22,1.63,Erba_et_al._(1999)
131.362,73.8,1.63,Erba_et_al._(1999)
107.776,326.38,1.62,Gale_et_al._(2011)
110.664,451.01,1.62,Herrle_et_al._(2004)
99.823,7.5,1.61,Jarvis_et_al._(2006)
101.449,175.38,1.59,Gale_et_al._(2011)
108.685,365.58,1.59,Gale_et_al._(2011)
109.517,401.51,1.59,Gale_et_al._(2011)
101.312,159.3,1.58,Gale_et_al._(2011)
101.391,170.6,1.58,Gale_et_al._(2011)
109.424,397.49,1.58,Gale_et_al._(2011)
118.27,127.75,1.58,Herrle_et_al._(2004)
101.924,196.73,1.57,Gale_et_al._(2011)
110.641,450,1.57,Herrle_et_al._(2004)
101.249,150.25,1.56,Gale_et_al._(2011)
107.381,306.03,1.56,Gale_et_al._(2011)
108.3,349,1.53,Gale_et_al._(2011)
109.162,386.18,1.53,Gale_et_al._(2011)
100.307,37.44,1.52,Gale_et_al._(2011)
111.723,271.4,1.52,Herrle_et_al._(2004)
119.77,97.75,1.52,Herrle_et_al._(2004)
101.069,124.37,1.51,Gale_et_al._(2011)
118.47,123.75,1.51,Herrle_et_al._(2004)
118.57,121.75,1.51,Herrle_et_al._(2004)
101.833,193.47,1.5,Gale_et_al._(2011)
107.59,318.34,1.5,Gale_et_al._(2011)
108.394,353.02,1.5,Gale_et_al._(2011)
108.871,373.62,1.5,Gale_et_al._(2011)
111.272,290.69,1.5,Herrle_et_al._(2004)
101.604,183.42,1.49,Gale_et_al._(2011)
119.22,108.75,1.49,Herrle_et_al._(2004)
101.354,165.33,1.46,Gale_et_al._(2011)
108.76,368.84,1.46,Gale_et_al._(2011)
100.643,73.12,1.45,Gale_et_al._(2011)
101.333,162.31,1.45,Gale_et_al._(2011)
120.339,86.38,1.45,Herrle_et_al._(2004)
100.688,77.89,1.44,Gale_et_al._(2011)
103.535,246.98,1.44,Gale_et_al._(2011)
110.618,449,1.44,Herrle_et_al._(2004)
108.364,351.76,1.43,Gale_et_al._(2011)
102.446,215.33,1.42,Gale_et_al._(2011)
120.319,86.78,1.42,Herrle_et_al._(2004)
100.664,75.38,1.41,Gale_et_al._(2011)
120.314,86.88,1.41,Herrle_et_al._(2004)
102.009,199.75,1.4,Gale_et_al._(2011)
101.219,145.98,1.39,Gale_et_al._(2011)
108.842,372.36,1.39,Gale_et_al._(2011)
109.29,391.71,1.39,Gale_et_al._(2011)
109.482,400,1.39,Gale_et_al._(2011)
120.344,86.28,1.39,Herrle_et_al._(2004)
118.67,119.75,1.38,Herrle_et_al._(2004)
119.52,102.75,1.38,Herrle_et_al._(2004)
109.331,393.47,1.37,Gale_et_al._(2011)
118.46,123.95,1.37,Herrle_et_al._(2004)
120.309,86.98,1.37,Herrle_et_al._(2004)
100.29,35.68,1.36,Gale_et_al._(2011)
108.982,378.39,1.36,Gale_et_al._(2011)
119.67,99.75,1.36,Herrle_et_al._(2004)
102.108,203.27,1.35,Gale_et_al._(2011)
119.27,107.75,1.34,Herrle_et_al._(2004)
109.459,399,1.33,Gale_et_al._(2011)
119.42,104.75,1.32,Herrle_et_al._(2004)
108.679,365.33,1.31,Gale_et_al._(2011)
119.07,111.75,1.29,Herrle_et_al._(2004)
109.092,383.17,1.28,Gale_et_al._(2011)
111.288,289.99,1.28,Herrle_et_al._(2004)
101.41,173.37,1.27,Gale_et_al._(2011)
102.637,222.11,1.27,Gale_et_al._(2011)
109.028,380.4,1.27,Gale_et_al._(2011)
101.375,168.34,1.25,Gale_et_al._(2011)
110.595,448,1.24,Herrle_et_al._(2004)
111.288,290.01,1.24,Herrle_et_al._(2004)
109.127,384.67,1.23,Gale_et_al._(2011)
100.345,41.46,1.21,Gale_et_al._(2011)
108.178,343.72,1.21,Gale_et_al._(2011)
111.271,290.72,1.18,Herrle_et_al._(2004)
118.22,128.75,1.16,Herrle_et_al._(2004)
119.72,98.75,1.15,Herrle_et_al._(2004)
108.947,376.88,1.14,Gale_et_al._(2011)
109.057,381.66,1.09,Gale_et_al._(2011)
102.693,224.12,1.08,Gale_et_al._(2011)
110.594,447.99,1.08,Herrle_et_al._(2004)
111.27,290.78,0.94,Herrle_et_al._(2004)